SeqID	k__Bacteria.p__Actinobacteria.c__Actinobacteria.o__Actinomycetales.f__Actinomycetaceae.g__Actinomyces	k__Bacteria.p__Actinobacteria.c__Actinobacteria.o__Actinomycetales.f__Actinomycetaceae.g__Varibaculum	k__Bacteria.p__Actinobacteria.c__Actinobacteria.o__Bifidobacteriales.f__Bifidobacteriaceae.g__Bifidobacterium	k__Bacteria.p__Actinobacteria.c__Actinobacteria.o__Corynebacteriales.f__Corynebacteriaceae.g__Corynebacterium	k__Bacteria.p__Actinobacteria.c__Actinobacteria.o__Micrococcales.f__Micrococcaceae.g__Rothia	k__Bacteria.p__Actinobacteria.c__Actinobacteria.o__Micrococcales.f__Micrococcales_unclassified.g__Tropheryma	k__Bacteria.p__Actinobacteria.c__Actinobacteria.o__Propionibacteriales.f__Propionibacteriaceae.g__Propionibacterium	k__Bacteria.p__Actinobacteria.c__Coriobacteriia.o__Coriobacteriales.f__Atopobiaceae.g__Atopobium	k__Bacteria.p__Actinobacteria.c__Coriobacteriia.o__Coriobacteriales.f__Atopobiaceae.g__Olsenella	k__Bacteria.p__Actinobacteria.c__Coriobacteriia.o__Coriobacteriales.f__Coriobacteriaceae.g__Collinsella	k__Bacteria.p__Actinobacteria.c__Coriobacteriia.o__Coriobacteriales.f__Coriobacteriaceae.g__Enorma	k__Bacteria.p__Actinobacteria.c__Coriobacteriia.o__Eggerthellales.f__Eggerthellaceae.g__Adlercreutzia	k__Bacteria.p__Actinobacteria.c__Coriobacteriia.o__Eggerthellales.f__Eggerthellaceae.g__Asaccharobacter	k__Bacteria.p__Actinobacteria.c__Coriobacteriia.o__Eggerthellales.f__Eggerthellaceae.g__Eggerthella	k__Bacteria.p__Actinobacteria.c__Coriobacteriia.o__Eggerthellales.f__Eggerthellaceae.g__Enterorhabdus	k__Bacteria.p__Actinobacteria.c__Coriobacteriia.o__Eggerthellales.f__Eggerthellaceae.g__Gordonibacter	k__Bacteria.p__Actinobacteria.c__Coriobacteriia.o__Eggerthellales.f__Eggerthellaceae.g__Slackia	k__Bacteria.p__Bacteroidetes.c__Bacteroidia.o__Bacteroidales.f__Bacteroidaceae.g__Bacteroides	k__Bacteria.p__Bacteroidetes.c__Bacteroidia.o__Bacteroidales.f__Barnesiellaceae.g__Barnesiella	k__Bacteria.p__Bacteroidetes.c__Bacteroidia.o__Bacteroidales.f__Barnesiellaceae.g__Coprobacter	k__Bacteria.p__Bacteroidetes.c__Bacteroidia.o__Bacteroidales.f__Odoribacteraceae.g__Butyricimonas	k__Bacteria.p__Bacteroidetes.c__Bacteroidia.o__Bacteroidales.f__Odoribacteraceae.g__Odoribacter	k__Bacteria.p__Bacteroidetes.c__Bacteroidia.o__Bacteroidales.f__Porphyromonadaceae.g__Porphyromonas	k__Bacteria.p__Bacteroidetes.c__Bacteroidia.o__Bacteroidales.f__Prevotellaceae.g__Paraprevotella	k__Bacteria.p__Bacteroidetes.c__Bacteroidia.o__Bacteroidales.f__Prevotellaceae.g__Prevotella	k__Bacteria.p__Bacteroidetes.c__Bacteroidia.o__Bacteroidales.f__Rikenellaceae.g__Alistipes	k__Bacteria.p__Bacteroidetes.c__Bacteroidia.o__Bacteroidales.f__Tannerellaceae.g__Parabacteroides	k__Bacteria.p__Firmicutes.c__Bacilli.o__Bacillales.f__Bacillales_unclassified.g__Gemella	k__Bacteria.p__Firmicutes.c__Bacilli.o__Lactobacillales.f__Carnobacteriaceae.g__Granulicatella	k__Bacteria.p__Firmicutes.c__Bacilli.o__Lactobacillales.f__Enterococcaceae.g__Enterococcus	k__Bacteria.p__Firmicutes.c__Bacilli.o__Lactobacillales.f__Lactobacillaceae.g__Lactobacillus	k__Bacteria.p__Firmicutes.c__Bacilli.o__Lactobacillales.f__Streptococcaceae.g__Lactococcus	k__Bacteria.p__Firmicutes.c__Bacilli.o__Lactobacillales.f__Streptococcaceae.g__Streptococcus	k__Bacteria.p__Firmicutes.c__Clostridia.o__Clostridiales.f__Catabacteriaceae.g__Catabacter	k__Bacteria.p__Firmicutes.c__Clostridia.o__Clostridiales.f__Christensenellaceae.g__Christensenella	k__Bacteria.p__Firmicutes.c__Clostridia.o__Clostridiales.f__Clostridiaceae.g__Butyricicoccus	k__Bacteria.p__Firmicutes.c__Clostridia.o__Clostridiales.f__Clostridiaceae.g__Clostridium	k__Bacteria.p__Firmicutes.c__Clostridia.o__Clostridiales.f__Clostridiaceae.g__Hungatella	k__Bacteria.p__Firmicutes.c__Clostridia.o__Clostridiales.f__Clostridiales_Family_XIII_Incertae_Sedis.g__Mogibacterium	k__Bacteria.p__Firmicutes.c__Clostridia.o__Clostridiales.f__Clostridiales_unclassified.g__Clostridiales_unclassified	k__Bacteria.p__Firmicutes.c__Clostridia.o__Clostridiales.f__Clostridiales_unclassified.g__Intestinimonas	k__Bacteria.p__Firmicutes.c__Clostridia.o__Clostridiales.f__Clostridiales_unclassified.g__Lawsonibacter	k__Bacteria.p__Firmicutes.c__Clostridia.o__Clostridiales.f__Clostridiales_unclassified.g__Monoglobus	k__Bacteria.p__Firmicutes.c__Clostridia.o__Clostridiales.f__Eubacteriaceae.g__Eubacterium	k__Bacteria.p__Firmicutes.c__Clostridia.o__Clostridiales.f__Lachnospiraceae.g__Anaerosporobacter	k__Bacteria.p__Firmicutes.c__Clostridia.o__Clostridiales.f__Lachnospiraceae.g__Anaerostipes	k__Bacteria.p__Firmicutes.c__Clostridia.o__Clostridiales.f__Lachnospiraceae.g__Anaerotignum	k__Bacteria.p__Firmicutes.c__Clostridia.o__Clostridiales.f__Lachnospiraceae.g__Blautia	k__Bacteria.p__Firmicutes.c__Clostridia.o__Clostridiales.f__Lachnospiraceae.g__Cellulosilyticum	k__Bacteria.p__Firmicutes.c__Clostridia.o__Clostridiales.f__Lachnospiraceae.g__Coprococcus	k__Bacteria.p__Firmicutes.c__Clostridia.o__Clostridiales.f__Lachnospiraceae.g__Dorea	k__Bacteria.p__Firmicutes.c__Clostridia.o__Clostridiales.f__Lachnospiraceae.g__Eisenbergiella	k__Bacteria.p__Firmicutes.c__Clostridia.o__Clostridiales.f__Lachnospiraceae.g__Fusicatenibacter	k__Bacteria.p__Firmicutes.c__Clostridia.o__Clostridiales.f__Lachnospiraceae.g__Lachnoclostridium	k__Bacteria.p__Firmicutes.c__Clostridia.o__Clostridiales.f__Lachnospiraceae.g__Lachnospira	k__Bacteria.p__Firmicutes.c__Clostridia.o__Clostridiales.f__Lachnospiraceae.g__Lachnospiraceae_unclassified	k__Bacteria.p__Firmicutes.c__Clostridia.o__Clostridiales.f__Lachnospiraceae.g__Murimonas	k__Bacteria.p__Firmicutes.c__Clostridia.o__Clostridiales.f__Lachnospiraceae.g__Robinsoniella	k__Bacteria.p__Firmicutes.c__Clostridia.o__Clostridiales.f__Lachnospiraceae.g__Roseburia	k__Bacteria.p__Firmicutes.c__Clostridia.o__Clostridiales.f__Lachnospiraceae.g__Sellimonas	k__Bacteria.p__Firmicutes.c__Clostridia.o__Clostridiales.f__Lachnospiraceae.g__Tyzzerella	k__Bacteria.p__Firmicutes.c__Clostridia.o__Clostridiales.f__Oscillospiraceae.g__Oscillibacter	k__Bacteria.p__Firmicutes.c__Clostridia.o__Clostridiales.f__Peptococcaceae.g__Peptococcus	k__Bacteria.p__Firmicutes.c__Clostridia.o__Clostridiales.f__Peptostreptococcaceae.g__Intestinibacter	k__Bacteria.p__Firmicutes.c__Clostridia.o__Clostridiales.f__Peptostreptococcaceae.g__Peptostreptococcus	k__Bacteria.p__Firmicutes.c__Clostridia.o__Clostridiales.f__Ruminococcaceae.g__Agathobaculum	k__Bacteria.p__Firmicutes.c__Clostridia.o__Clostridiales.f__Ruminococcaceae.g__Anaeromassilibacillus	k__Bacteria.p__Firmicutes.c__Clostridia.o__Clostridiales.f__Ruminococcaceae.g__Anaerotruncus	k__Bacteria.p__Firmicutes.c__Clostridia.o__Clostridiales.f__Ruminococcaceae.g__Faecalibacterium	k__Bacteria.p__Firmicutes.c__Clostridia.o__Clostridiales.f__Ruminococcaceae.g__Flavonifractor	k__Bacteria.p__Firmicutes.c__Clostridia.o__Clostridiales.f__Ruminococcaceae.g__Gemmiger	k__Bacteria.p__Firmicutes.c__Clostridia.o__Clostridiales.f__Ruminococcaceae.g__Harryflintia	k__Bacteria.p__Firmicutes.c__Clostridia.o__Clostridiales.f__Ruminococcaceae.g__Pseudoflavonifractor	k__Bacteria.p__Firmicutes.c__Clostridia.o__Clostridiales.f__Ruminococcaceae.g__Ruminococcaceae_unclassified	k__Bacteria.p__Firmicutes.c__Clostridia.o__Clostridiales.f__Ruminococcaceae.g__Ruminococcus	k__Bacteria.p__Firmicutes.c__Clostridia.o__Clostridiales.f__Ruminococcaceae.g__Ruthenibacterium	k__Bacteria.p__Firmicutes.c__Erysipelotrichia.o__Erysipelotrichales.f__Erysipelotrichaceae.g__Absiella	k__Bacteria.p__Firmicutes.c__Erysipelotrichia.o__Erysipelotrichales.f__Erysipelotrichaceae.g__Candidatus_Stoquefichus	k__Bacteria.p__Firmicutes.c__Erysipelotrichia.o__Erysipelotrichales.f__Erysipelotrichaceae.g__Catenibacterium	k__Bacteria.p__Firmicutes.c__Erysipelotrichia.o__Erysipelotrichales.f__Erysipelotrichaceae.g__Coprobacillus	k__Bacteria.p__Firmicutes.c__Erysipelotrichia.o__Erysipelotrichales.f__Erysipelotrichaceae.g__Dielma	k__Bacteria.p__Firmicutes.c__Erysipelotrichia.o__Erysipelotrichales.f__Erysipelotrichaceae.g__Erysipelatoclostridium	k__Bacteria.p__Firmicutes.c__Erysipelotrichia.o__Erysipelotrichales.f__Erysipelotrichaceae.g__Erysipelothrix	k__Bacteria.p__Firmicutes.c__Erysipelotrichia.o__Erysipelotrichales.f__Erysipelotrichaceae.g__Faecalicoccus	k__Bacteria.p__Firmicutes.c__Erysipelotrichia.o__Erysipelotrichales.f__Erysipelotrichaceae.g__Holdemanella	k__Bacteria.p__Firmicutes.c__Erysipelotrichia.o__Erysipelotrichales.f__Erysipelotrichaceae.g__Holdemania	k__Bacteria.p__Firmicutes.c__Erysipelotrichia.o__Erysipelotrichales.f__Erysipelotrichaceae.g__Massiliomicrobiota	k__Bacteria.p__Firmicutes.c__Erysipelotrichia.o__Erysipelotrichales.f__Erysipelotrichaceae.g__Solobacterium	k__Bacteria.p__Firmicutes.c__Erysipelotrichia.o__Erysipelotrichales.f__Erysipelotrichaceae.g__Turicibacter	k__Bacteria.p__Firmicutes.c__Firmicutes_unclassified.o__Firmicutes_unclassified.f__Firmicutes_unclassified.g__Firmicutes_unclassified	k__Bacteria.p__Firmicutes.c__Negativicutes.o__Acidaminococcales.f__Acidaminococcaceae.g__Acidaminococcus	k__Bacteria.p__Firmicutes.c__Negativicutes.o__Acidaminococcales.f__Acidaminococcaceae.g__Phascolarctobacterium	k__Bacteria.p__Firmicutes.c__Negativicutes.o__Selenomonadales.f__Selenomonadaceae.g__Megamonas	k__Bacteria.p__Firmicutes.c__Negativicutes.o__Selenomonadales.f__Selenomonadaceae.g__Selenomonas	k__Bacteria.p__Firmicutes.c__Negativicutes.o__Veillonellales.f__Veillonellaceae.g__Allisonella	k__Bacteria.p__Firmicutes.c__Negativicutes.o__Veillonellales.f__Veillonellaceae.g__Anaeroglobus	k__Bacteria.p__Firmicutes.c__Negativicutes.o__Veillonellales.f__Veillonellaceae.g__Dialister	k__Bacteria.p__Firmicutes.c__Negativicutes.o__Veillonellales.f__Veillonellaceae.g__Megasphaera	k__Bacteria.p__Firmicutes.c__Negativicutes.o__Veillonellales.f__Veillonellaceae.g__Veillonella	k__Bacteria.p__Proteobacteria.c__Betaproteobacteria.o__Burkholderiales.f__Burkholderiaceae.g__Lautropia	k__Bacteria.p__Proteobacteria.c__Betaproteobacteria.o__Burkholderiales.f__Sutterellaceae.g__Parasutterella	k__Bacteria.p__Proteobacteria.c__Betaproteobacteria.o__Burkholderiales.f__Sutterellaceae.g__Sutterella	k__Bacteria.p__Proteobacteria.c__Betaproteobacteria.o__Burkholderiales.f__Sutterellaceae.g__Turicimonas	k__Bacteria.p__Proteobacteria.c__Betaproteobacteria.o__Neisseriales.f__Neisseriaceae.g__Neisseria	k__Bacteria.p__Proteobacteria.c__Deltaproteobacteria.o__Desulfovibrionales.f__Desulfovibrionaceae.g__Bilophila	k__Bacteria.p__Proteobacteria.c__Deltaproteobacteria.o__Desulfovibrionales.f__Desulfovibrionaceae.g__Desulfovibrio	k__Bacteria.p__Proteobacteria.c__Deltaproteobacteria.o__Desulfovibrionales.f__Desulfovibrionaceae.g__Desulfovibrionaceae_unclassified	k__Bacteria.p__Proteobacteria.c__Epsilonproteobacteria.o__Campylobacterales.f__Campylobacteraceae.g__Campylobacter	k__Bacteria.p__Proteobacteria.c__Gammaproteobacteria.o__Enterobacterales.f__Enterobacteriaceae.g__Citrobacter	k__Bacteria.p__Proteobacteria.c__Gammaproteobacteria.o__Enterobacterales.f__Enterobacteriaceae.g__Enterobacter	k__Bacteria.p__Proteobacteria.c__Gammaproteobacteria.o__Enterobacterales.f__Enterobacteriaceae.g__Escherichia	k__Bacteria.p__Proteobacteria.c__Gammaproteobacteria.o__Enterobacterales.f__Enterobacteriaceae.g__Klebsiella	k__Bacteria.p__Proteobacteria.c__Gammaproteobacteria.o__Enterobacterales.f__Enterobacteriaceae.g__Raoultella	k__Bacteria.p__Proteobacteria.c__Gammaproteobacteria.o__Enterobacterales.f__Erwiniaceae.g__Pantoea	k__Bacteria.p__Proteobacteria.c__Gammaproteobacteria.o__Enterobacterales.f__Morganellaceae.g__Morganella	k__Bacteria.p__Proteobacteria.c__Gammaproteobacteria.o__Enterobacterales.f__Yersiniaceae.g__Serratia	k__Bacteria.p__Proteobacteria.c__Gammaproteobacteria.o__Enterobacterales.f__Yersiniaceae.g__Yersinia	k__Bacteria.p__Proteobacteria.c__Gammaproteobacteria.o__Pasteurellales.f__Pasteurellaceae.g__Haemophilus	k__Bacteria.p__Proteobacteria.c__Gammaproteobacteria.o__Pseudomonadales.f__Pseudomonadaceae.g__Pseudomonas	k__Bacteria.p__Proteobacteria.c__Proteobacteria_unclassified.o__Proteobacteria_unclassified.f__Proteobacteria_unclassified.g__Proteobacteria_unclassified	k__Bacteria.p__Synergistetes.c__Synergistia.o__Synergistales.f__Synergistaceae.g__Pyramidobacter	k__Bacteria.p__Verrucomicrobia.c__Verrucomicrobiae.o__Verrucomicrobiales.f__Akkermansiaceae.g__Akkermansia
1003	0	0	7.140444276	0	0	0	0	0	0	0.180191025	0	0	0	0.143391378	0	0.011775079	0	59.488204168	0	0	0	0	0	0	0	0	0	0	0	0	0	0	0.025660785	0	0	0.134615612	0.692104002	0.241641587	0	0	1.408596353	0.016965809	0	0.887473366	0	0.201842628	0	1.854675933	0	0.079799892	0	1.209157214	0	0.515376829	0	1.088639382	0	0	8.048922929	0.231391411	0	0	0	0	0	0	0.014915773	0.277108206	7.705829846	1.794103957	0	0	0	0.040889618	5.300865892	0.913588593	0	0	0	0	0.002817536	0.001807667	0	0	0	0	0	0	0	0.013926101	0	0	0	0.222050118	0	0	0	0	0	0	0	0	0	0	0	0	0	0.013067712	0	0	0	0	0.098159321	0	0	0	0	0	0	0	0	0
1084	0	0	9.622385711	0	0	0	0	0	0	0	0	0	0	0.524660546	0	0.033377448	0	32.560340965	0	0	0	0	0	0	0.008815898	0	0	0	0	0	0	0	0.068943239	0	0	0	0	0.300073987	0	0	0	0	0.027323031	0.925044027	0	0	0	1.542438231	0	0	0	0.157133479	0	2.931233913	1.397549055	0	0	0	17.907474756	0.114481623	0	0	0	0	0	0	0	0	13.598126361	4.215999917	0	0	0	0.030553442	2.777820618	1.16035347	0	0	0	0	0	0.02838594	0	0	0	0	0	0	0	0	0	0	0	0	0	0	1.292268895	0.475120619	0	0	0.172316414	0	0.059262424	0	0.581224013	0	0	0	0	0	1.348540583	0	0	0	0	0	0	0.346800329	0	3.917812073	0	1.874138991
1028	0.02154935	0	34.65185398	0	0	0	0	0	0	5.4369165	0	0.01944254	0.01027738	0.54232704	0	0.10463465	0	11.27304671	0	0	0	0	0	0	0	0	0.23487185	0	0	0	0	0	0.13157401	0	0	0	0	0	0	0	0.2146807	0	0	0.7883746	0	0.56411166	0	4.92827703	0	0.3773863	1.69174679	0	3.04290694	0	0	4.7776134	0	0	13.08900971	0.03344159	0	0.43509363	0	0	0	0.313027	0	0	9.16635466	0.09088157	0.68295926	0	0	0	4.16165497	0.03940911	0	0	0	0	0	0.01993448	0	0	0	0	0	0	0	2.19533848	0	0	0	0	0	0	0.03716327	0	0.91101873	0	0	0	0	0	0.00150792	0	0	0	0	0	0.01161419	0	0	0	0	0	0	0	0	0	0	0
1152	0.036909221	0	36.222099226	0	0	0	0	0	0	3.828597382	0	0.078543157	0.067452621	1.549894609	0	0.111417556	0	12.677915042	0	0	0	0	0	0	6.116206033	2.140807999	2.997894262	0	0	0.008038287	0	0	0.116539481	0.00212194	0	0	0.145159545	0	0	0	0	0	0	2.761292669	0	1.507048135	0	0.940218246	0	0	0	0	2.451437092	0.041111291	0	0	0	0	3.090256164	0.122434921	0	0	0	0	0	2.716230179	0	0	10.849899887	1.08206422	0.223451833	0	0	0	0	0	0	0	0	0	0	0.085640682	0	0	0	0	0	0	0	0	0.073766178	0	0	0	0	0	0.017686322	0	0	0	0	0	0	0	0	0	0	0	0	0	0	0	0	0	0	0	0	0	0	0	0	7.937865819
1101	0	0	24.60401831	0	0	0	0	0	0	13.386499002	0	0.067675694	0.090267968	0.152826522	0	0.187230693	0.499022282	18.659388192	0	0	0	0	0	0	0	0	2.504688352	0	0	0	0	0	0.418048092	0	0	0	0.745363022	0.067230725	0	0	0	0.979365992	0.102676527	2.851784163	0	0.613450028	0	3.008625516	0	0	0	0.079194315	2.55567772	0.084149649000000007	0.386738477	3.617534841	0	0	6.167832485	0	0	1.549087733	0	0	0	0	0	0.119130256	6.825971528	2.013442909	1.080586258	0	0	0.831666723	4.992437555	0.348784669	0	0	0	0	0	0.001800101	0	0	0	0	0	0	0	0	0	0	0	0	0	0	0.022561936	0	0	0	0	0	0	0	0.124085589	0	0	0	0	0	0.261156174	0	0	0	0	0	0	0	0	0	0	0
1154	0.042215566	0	56.621996069	0	0	0	0	0	0	10.128125411	0	0	0	0.243042059	0	0.017400827	0	5.903467005	0	0	0	0	0	0	0.018489014	0	2.95283186	0	0	0	0	0	0.294837741	0	0	0.015173602	0.191897256	0	0	0	0.043141033	0	0.023919781	1.265012663	0	0.172787873	0	3.513878863	0	0	0.045693697	0.072756	2.497949225	0.059646903	0	2.046544721	0	0	2.068349147	0.194693999	0.005247707	0	0	0	0	0	0	0.190707369	6.864794049	2.166062265	0.007129152	0	0	0.066420106	0.756635959	0.228865114	0	0	0	0	0	0.19028023	0	0	0	0.001861105	0	0	0	0	0	0	0	0	0	0	0.100408162	0	0.022811254	0	0	0	0	0	0	0	0	0	0	0	0.964927215	0	0	0	0	0	0	0	0	0	0	0
1094	0.004107116	0	36.353760662	0	0	0	0	0	0	7.865227549	0	0	0	0.232257912	0	0.069349005	0	1.36399431	0.387042963	0	0	0.136910561	0	0.002420085	33.533959422	1.661474027	0.265526555	0	0	0	0.1045256	0	0.282155856	0	0	0	0	0	0	0	0	0	0	0.86347846	0	2.820303332	0	0.863006493	0	1.727057339	1.112556468	0	0.929292735	0	0.194671273	0.107829368	0	0	1.99880984	0	0	0.224796818	0	0	0	0.90150694	0	0	4.036863224	0	0.647056543	0	0	0	0.449673971	0	0	0	0	0	0	0	0	0	0	0	0	0	0	0.596867385	0	0.067792519	0.018587461	0	0	0	0	0	0.048090412	0	0	0	0	0	0	0	0	0	0	0	0	0.129047794	0	0	0	0	0	0	0	0	0	0
1119	0.012336075	0	41.349754491	0	0	0	0	0	0	9.561155004	0	0	0	2.114762877	0	0.450463739	0	13.506304431	0	0	0	0	0	0	0	0.495150437	2.361363131	0	0	0	0	0	0.691749682	0	0	0	0.312534098	0.020216614	0	0	1.654155469	0.014013215	0	1.847228677	0	1.276334135	0	3.809634464	0	0	0	0.245357554	0.105447675	0.234971408	0	0	0	0	2.185364424	0.897017519	0.057810827	0	0	0	0	0.536068621	0	0.151296248	13.017407909	1.628543717	0.001515488	0	0	0	0.071510841	0.769857948	0	0	0	0	0	0.226060337	0	0	0	0	0	0	0	0	0	0	0.061549031	0	0	0	0	0	0.013164542	0	0	0.008638283	0	0	0	0	0	0	0	0	0.311261088	0	0	0	0	0	0	0	0	0	0	0
1202	0	0	43.957058653	0	0	0	0	0	0	2.859057177	0	0	0	0.451629386	0	0.050056499	0	20.974652649	0	0	0	0	0	0	0	2.206757476	0	0	0	0	0	0	1.058638912	0	0	0	0	0.015480455	0	0	0.08524853	0	0	2.868539334	0	3.007207045	0	1.813848796	0	0	0.528052139	0	9.368381298	0.027537638	0	0.437279924	0	0	1.656297556	0	0	0.81676817	0	0	0	0.292876466	0	0.005856923	5.346068439	0.458405241	0	0	0	0	0.63032614	0.032950243	0	0	0	0	0	0.130033798	0	0	0	0	0	0	0	0	0	0	0	0	0	0	0.108040041	0	0.140030961	0	0	0	0	0	0	0	0	0	0	0	0.16440788	0	0	0	0	0	0	0	0	0	0	0.50851223
1230	0.022440642	0	70.175990483	0	0	0	0	0	0	0	0	0	0	1.510732466	0	0.204819092	0	4.949034865	0	0	0	0	0	0	0	0	0	0	0	0.005706625	0	0.003005624	0.289951375	0	0	0	0	0.47403572	0	0	0.437947918	0	0	0.723258852	0	0	0	3.1311093	0	0	0.236205529	0	0	1.796398795	0	0	0	0	7.231532494	0	0	0	0	0	0	0	0	0.122397964	0	0.770607592	0	0	0	0	2.625240361	0	0	0	0	0	0	0.983753077	0	0	0	0	0	0	0	0.352785173	0	0	0	0	0	0	0.040789167	2.933631648	0.024755785	0	0.87961225	0	0.004955219	0	0	0	0	0	0	0	0	0	0	0	0	0	0	0.017211262	0	0.052090722	0	0
1252	0.06321164	0	34.528131081	0	0	0	0	0	0	0	0	0	0	1.534120438	0	0.303318122	0	14.046180339	0	0	0	0	0	0	0	0	0	0.014944883	0	0	0	0	0.35845996	0	0	0	0.044910676	0.149763798	0	0	0.225378822	0	0.213952938	0	0	8.743060432	0	10.902889217	0	0	0	0.117147895	0	0.455558253	0	0	0	0	0.046800508	0.307782037	0.685542184	0	0	0	0	0	0	0.151555881	22.642289999	1.078964046	0	0	0	0.053556116	0.961740123	0.438810426	0	0	0	0.025838572	0	0.547671297	0	0	0	0	0	0	0	0	0	0	0	0	0	0	0	0	0.028021655	0	0.010165996	0	0.020690408	0	0.001683472	0	0	0	0	0	0	0	0	0	0	0	0	0	0	0.692047987	0	0.605810801
1200	0.002349327	0	16.648136475	0	0	0	0	0	0.00695645	7.457852967	0.00739377	0	0	0	0	0	0	0.768636827	0	0	0	0.130728367	0	0	47.111039377	0.305443056	0.298913757	0	0	0	0.069910284	0	0	0	0	0	0	0	0	0	1.263338026	0	0	3.407968715	0	0.087830261	0	2.636931709	0	0	0.437849513	0	0	0.019943856	0	0	0	0	8.246586204	0.006224192	0	0	0	0	0	0	0	0.097268251	6.055691057	0.276701935	0	0	0	0	4.379339263	0.209700342	0	0	0	0	0	0	0	0	0	0	0	0	0	0	0	0	0	0	0	0	0	0.009468501	0	0	0	0	0	0	0	0	0.057797519	0	0	0	0	0	0	0	0	0	0	0	0	0	0	0
1159	0	0	8.826319438	0	0	0	0	0.059867995	0	4.156969578	0	0	0	0.487858967	0	0.036205835	0	46.48094347	0	0	0	0	0	0	0	0	0	0	0	0	0.169779287	0	0	0	0	0.074817306	0.130854477	0.192390245	0	0	0	0	0	1.390346506	0	2.284909596	0	2.091104271	0	0	0	0	4.897278831	0.834007771	0	0	0	0	3.595587093	0.146824666	0	0	0	0	0	0	0	0	4.747654328	2.931095809	0	0	0	0	2.200085653	0.714534581	0	0	0	0	0	0.060676612	0	0	0	0	0	0	0	0.057998068	0	0	0	0	0	0	0.095487583	0	0.004578795	0	0	0	0	0	0	0	0	0	0	0	0.1168654	0	0	0	0	0	0	0	0	0	0	13.214957841
1172	0	0	24.92012452	0	0	0	0	0	0	0	0	0	0	1.13983182	0	0.07376559	0	10.27636399	0	0	0	0.30307684	0	0	0	0	0	0	0	0	0	0	0.4441477	0	0	0	0	0.07303424	0	0	0.05072781	0	0	1.51322062	0	2.71079925	0	8.63752245	0	1.5091372	2.59074478	0.07295297	4.75069931	0.06165755	0.58129767	6.42051183	0	0	6.48896492	0	0	0	0	0	0	1.67582591	0	1.53772112	10.49420714	1.29980625	1.37332806	0	0	0	5.34774149	0.48629222	0	0	0	0	0	0.10193304	0	0	0	0.03610065	0	0	0	4.69298296	0	0	0	0	0	0	0	0	0	0	0	0	0	0	0	0	0	0	0	0	0	0	0	0	0	0	0	0	0	0	0	0.33548007
1089	0.03223631	0	39.6418826	0	0	0	0	0	0	0	0	0	0	2.81135628	0	0.35419482	0	6.85899077	0	0	0	0	0	0	2.82565881	0	0	0	0	0	0	0	0.24622796	0	0	0	0.12726616	0.10862433	0	0	0	0	0	0.17507948	0	0.6579869	0	2.74120918	0	0	0	0	6.0499676	0.92877394	0.52348856	10.70402302	0	0	1.92998095	0	0	2.34172978	0	0	0	1.32920415	0.09150985	0.28241921	6.72672783	3.41201171	0	0	0	0.03773884	7.43320575	0.63706921	0	0	0	0	0.01050942	0.07451676	0	0	0	0	0	0	0	0.46621777	0	0	0	0	0	0	0.31837782	0	0.02732045	0	0	0	0	0	0.03915493	0	0	0	0	0	0.03528091	0.02005792	0	0	0	0	0	0	0	0	0	0
1036	0.240682	0	12.87593	0	0	0	0	0	0	29.56278	0	0	0	0.8657221	0	0.3456443	0	17.52577	0	0	0	0	0	0	0	0	1.18639	0	0	0	0	0	1.024022	0.006445581	0	0	0.4529733	0.008359113	0	0	0	0	9.769084e-4	1.303498	0	2.526144	0	1.145621	0	0	1.479493	0.005780881	5.12046	0.3249076	1.22881	5.681075	0	0	1.091549	0.2059967	0	0	0	0	0	0.5536049	0	0.09936266	4.422706	1.623823	0	0	0.2412964	0.5252746	4.355853	0.2858011	0	0	0	0	0	0.1106525	0	0	0	0	0	0	0	0	1.194245	0.1692569	0	0	0	0	0	0.1221538	0.04933891	0	0	0	0	0	0.05801023	0	0	0	0	0	0.02913604	0	0	0	0	0	0	0	0	0	0	1.950453
1188	0.0176329	0	75.595363913	0	0.005422418	0	0	0	0	0	0	0	0	0.435661154	0	0.049514709	0	1.903077895	0	0	0	0	0	0	0	0.326590222	0.15102438	0	0	0	0	0	0.118610371	0	0	0	0.083916938	0	0	0	0	0	0	0.414262686	0	0.966043915	0	4.842179021	0	0	0	0	0	0.040075685	0	0	0	0	10.639828242	0	0.047144911	0	0	0	0	0.655530158	0	0	2.864462548	0.243024737	0	0	0	0	0.044092291	0.092843844	0	0	0	0	0.006577192	0.064115071	0	0	0	0	0	0	0	0.047767485	0	0	0	0	0	0	0	0	0	0	0.036008871	0	0	0	0	0	0	0	0	0	0	0	0	0	0	0	0	0	0.021759962	0.287468481	0	0
1053	0.091128387	0	22.300307733	0	0	0	0	0	0	0.002589616	0	0.647072775	0.944336605	0.53909181	0.007036127	0.372503216	0	0	0	0.32481614	0	0	0	0	0	0	0	0.012426142	0	0	0	0	0.737859895	0	0	0	0.065362711	0.05665036	0	0	0.024942619	0.052173737	0.064238537	0.290839976	0	0.991622191	0	10.625887107	0	0	0	4.399446465	3.918350009	0.463491081	0	7.369234177	0	0	2.13270939	1.162918264	0.132020231	0	0	0	0	0.564285361	0	0.10616422	24.620633799	1.167204179	0	0.004978487	0	7.204371995	0.006865494	0.887204456	0	0	0	0	0	0.039235694	0	0	0	0.00801978	0	0	0	7.347112031	0	0	0	0	0	0	0.020907636	0	0	0	0	0	0	0	0	0	0	0	0	0	0.293961567	0	0	0	0	0	0	0	0	0	0	0
1077	0.3146493	0	14.77656173	0	0	0	0	0	0	0	0	0	0	1.96125019	0	0.37713599	0	25.63456122	0	0	0	0	0	0	0	0.06042193	9.2970509	0	0	0.03411387	0	0	0.88027272	0	0	0	0.11042942	0.04955424	0	0	0	0.19905295	0	0	0	0.64196918	0	16.10545143	0	0	0	0.30465788	0	1.46450919	0	14.89795955	0	0	0	0.86350284	0.13764396	0	0	0	0	0	0	0.3083543	6.37791315	3.44383862	0	0	0	0	0	0.89315481	0	0	0	0	0	0.7563166	0	0	0	0	0	0	0	0	0	0	0	0	0	0	0	0	0.10967402	0	0	0	0	0	0	0	0	0	0	0	0	0	0	0	0	0	0	0	0	0	0	0
1193	0.007403611	0	42.965000827	0	0	0	0	0	0	3.389736524	0	0	0	1.312571808	0	0.311388348	0	17.184034159	0	0	0	0	0	0	0	0	0	0	0	0	0	0	0.070796392	0	0	0	0.350884427	0.321554348	0	0	3.064891682	0.072411171	0	1.10869323	0	0.343714401	0	5.748746236	0	0	0	0.772961323	0	0.350285232	0	1.477441787	0	0	0.626148436	0.973823616	0.002610052	0	0	0	0	0.278554502	0	0.237799099	7.295014181	4.412206634	0	0	0	1.237174819	1.123277023	2.900773236	0	0	0	0	0	0.085877821	0	0	0	0	0	0	0	0	0	0	0	0	0	0	0	0	0.097425016	0	0.028294183	0	0.023592027	0	0	0	0	0	0	0	0.335244426	0	0	0	0	0	0	0	0.552711524	0.9369579	0	0
1213	0	0	42.511508971	0	0	0	0	0	0	0	0	0.432970561	0.239350787	0.468921476	0	0.272585008	0	3.820406013	0	0	0	0	0	0	0	0.039019773	0	0	0	0	0	0	0.616256837	0	0	0	0.023947153	0.057141127	0	0	1.519939879	0	0.240236228	1.300451142	0	1.070558475	0	9.56200758	0	0	0.007164022	0.209286042	3.526872277	0.446121371	0.528457317	6.715224382	0	0	0.136066113	0.279608164	0	0	0	0	0	1.997846567	0	0.062393401	11.254387083	1.121471329	0	0	0	0.025738158	9.640067249	0.597632391	0	0	0	0	0	0.248215258	0	0	0	0	0	0	0	0	0	0	0	0	0	0	0.051536688	0	0.170849855	0	0.783494495	0	0	0	0	0	0	0	0	0	0	0	0	0	0	0	0	0	0	0.022266827	0	0
1135	0.088275384	0	24.602159147	0	0	0	0	0	0	3.876826891	0	0	0	1.469608428	0	0.127514482	0	24.958643884	0	0	0	0	0	0	0	0	0	0	0	0	0	0.007360477	0.91418942	0	0	0	0.885250963	0.028455143	0	0	1.326587605	0.049660567	0	0.061078873	0	0	0	7.205585183	0	0	0.023692481	0.165615776	0	0.414824827	0	0	0	0	11.892477421	0	0.272518907	0	0	0	0	1.936329152	0	0	13.746290687	1.675872969	0	0	0	0	1.140652481	0.523701492	0	0	0	0	0	0.12965919	0	0	0	0	0	0	0	0.026934716	0	0	0	0	0	0	0.030801232	0	0.035342374	0	0	0	0	0	0	0	0	0	0	0	0	0.003222097	0	0	0	0	0	0.025112217	0	0	0	2.355755536
1016	4.832085e-4	0	19.92377	0	0	0	0	0	0	5.610232	0	0.1648949	0.2667814	1.503171	0.004399211	0.4926311	0	1.142134	0	1.068374	0	0	0	0	0	0	24.32904	0	0	0	0	0	0.1127688	0.05223685	0	0	2.851816	0.2763147	0	8.657486e-4	0	0.3439237	0	4.820045	0	0.1388721	0	1.00606	0	0	0	0.9921982	1.0885879999999999	0.5263852	0	0	0	0	6.677609	0	0.02038536	0	0	0	0	0.01619755	0.1486671	1.046177	4.203511	5.190898	0.1006181	0	0	0	9.356678	1.300475	0	0	0	0	0	0.1188794	0	0	0	0	0	0	0	0	0	0	0	0	0	0	0.1513651	0	0.2625232	0	1.66717	0	0.02387855	0	0	0	0	0	0	0	0	0	0	0	0	0	0	0.003150922	0	0.06677338	0	2.929049
1017	0	0	12.31158784	0	0	0	0	0	0	2.76871544	0	0.28327292	0.23649721	0.13116167	0	0.12027449	0	30.03466165	0	0.02884691	0	0	0	0	0	13.38585161	1.31540041	0	0	0	0	0	0	0	0	0	0.00124749	0.09670622	0	0	0.57152548	0.34112138	0.04067228	0.45728225	0	0.18722653	0	1.42177725	0	0.21415581	0	0.04521892	0.96662914	0.73651371	0.61882699	2.85821508	0	0	1.6686977	0.17851472	0	0	0	0	0	1.40086891	0	0.07830317	16.50076087	2.27322496	0.06258067	0	0	0.71733742	2.99721222	1.34562884	0	0	0	0	0	0	0	0	0	0.01000054	0	0	0	0.41899153	0	0.1256356	0	0	0	0	0.03190893	0	0	0	1.11436902	0	0	0	0	0	0	0	0	0	0	0	0	0	0	0	0	0	0	1.90257622	0	0
1013	0	0	46.46795	0	0	0	0	0	0	0	0	0.6035976	0.9589738	0.2628029	0.007453454	0.7274185	0	20.07136	0	0.3870712	0	0	0	0	0	0	1.000024	0	0	0	0	0	0.01792693	0	0	0	0.05032352	0.09157681	0	0	0	0	0.07608014	0.7556053	0	0.7065732	0	0.7260864	0	0	0.5636255	0.01704228	2.855578	0.6554362	0	0.03028156	0	0	2.33229	0.1571123	0	9.880219	0	0	0	0.8523375	0.009822696	0.186377	3.152475	2.618908	9.049896e-4	0	0	0	2.265016	0.5698892	0	0	0	0	0	0	0	0	0	0	0	0	0	0	0	0	0	0	0	0	0.1447475	0	0	0	0	0	0	0	0.04902197	0	0	0	0	0	0.02852243	0	0	0	0	0	0	0	0	0	0	0.7195684
1063	0	0	28.320377345	0	0	0	0	0	0	0	0	0.442875864	0.819020118	0.885679508	0.003507846	0.111095544	0	20.468311874	0.45903259	0	0	0	0	0	0	1.949598857	0.542312979	0	0	0	0.026050915	0	0.037864102	0	0	0	0.312755415	0.016517827	0	0	0.645691261	0.059499257	0.017188445	1.230882498	0	2.385036025	0	9.336276347	0	0	0	0.115862087	0	0.131079948	0.786809839	0	0	0	2.74216569	0.641244551	0.008026777	0	0	0	0	0.222758533	0	0.066432411	8.449255604	1.460687674	1.873189719	0	0	12.201557112	1.037208134	0.216238066	0	0	0	0	0	0.063636452	0	0	0	0	0	0	0	0	0	0	0	0	0	0	0	0	0.026009646	0	0	0	0	0	0.023048611	0	0	0	0	0	0.060933347	0	0	0	0	0	0	0	0	0	0	1.804281182
1254	0.012887271	0	27.282515612	0	0	0	0	0	0	0	0	0	0	2.888567994	0	0.261617702	0	25.952067482	0	0	0	0	0	0	0	0	0	0	0	0	0	0	0.047453209	0	0	0	1.049723117	0.508955739	0	0	0	0	0	0.034525284	0	1.691281558	0	6.81833196	0	0	0	0	0	1.42788525	0	0	0	0.019219109	9.807396277	1.405718737	0.004339799	0	0	0	0	0	0	0	11.714641261	5.379124613	0	0	0	0	0	1.899541079	0	0	0	0	0	0.388051182	0	0	0	0	0	0	0	0.215221493	0	0	0	0	0	0	0.004614212	0	0.044648093	0	0.044394007	0	0	0	0.045776238	0	0	0	0	0	0.053104094	0	0	0	0	0	0	0.009035319	0	0.98936231	0	0
1257	0.157341991	0	20.129255568	0	0	0	0	0	0	0	0	0	0	3.119522295	0	0.369450882	0	33.727870074	0	0	0	0	0	0	0.002150506	0	0	0	0	0	0	0	1.755462286	0	0	0	0.602182317	0	0	0	0	0	0	0	0	0	0	25.939537909	0	0	0	0	0	1.855592696	0	0	0	0	0	0	0.212758101	0	0	0	0	0	0	0	0	6.035953624	0	0	0	0	0	0	0	0	0	0	0	0.771240509	0	0	0	0	0	0	0	0	0	0	0	0	0	0	0	0	3.526211425	0	0	0	0	0	0	0	0	0	0.043152139	0	0.118866188	0.03753242	0	0	0	0	0	0.167110564	0	0	0	1.428808506
1015	0	0	5.96468297	0	0	0	0	0	0	0.165520604	0.013795079	0.439255261	0.706641741	0.251149793	0	0.624715655	0	16.764826048	2.636945664	0	0	1.609395385	0	0	0	12.485411399	3.618054544	0	0	0	0	0	2.079689574	0	0.074021384	0	0.584215499	0.533307995	0	0	0	0.133098098	0.057866084	1.206540414	0	0.415042659	0	1.791183195	0	1.978739301	0.44000809	0.022584864	10.062075822	0.366912482	0.021160593	0.03981854	0	0	1.199937902	0.062250803	0.054366448	1.166772741	0	0	0	0.279482607	0	0.263703722	18.231906268	0.865285151	0.096992836	0	0	7.383073479	2.542974317	1.034478338	0	0	0	0	0	0.12541721	0	0	0	0	0	0	0	0.044772967	0	0.438492259	0	0	0	0	0	0	0	0	0	0	0	0	0.005300322	0	0	0	0.256450115	0	0	0.861683781	0	0	0	0	0	0	0	0	0	0
1071	0.225414492	0	72.232737459	0	0	0	0	0	0	0	0	0	0	0.353364455	0	0.032515104	0	1.253164416	0	0	0	0	0	0	0	0	0	0	0	0	0	0	0.397320432	0	0	0	0.317385786	0.009956488	0	0	0	0	0	0.19062737	0	0.636468011	0	5.225682085	0	0	0	0	5.732574378	0.08567023	0	0	0	0	8.966989091	0	0.002393192	0	0	0	0	0	0	0	3.993097104	0.197100097	0	0	0	0	0	0.016772543	0	0	0	0	0	0.051670741	0	0	0	0	0	0	0	0	0	0	0	0	0	0	0	0	0	0	0	0	0	0	0.0014137	0	0	0	0.043925684	0	0	0.023255368	0	0	0	0	0	0	0	0	0	0.010501773
1037	0.036446472	0	45.787475129	0	0	0	0	0	0	3.338453563	0	0	0	1.917772761	0	0.390905673	0	3.45692263	0	0	0	0	0	0	0	0	0	0.016507562	0	0	0	0	0.32847164	0	0	0	0.047029035	0	0	0	0.014333345	0.013302911	0	1.371127202	0	1.389942938	0	3.791752051	0	0	0.546872255	0	2.585484082	0.056622382	0.647185064	2.586916386	0	0	5.023451146	0.2792993	0	0	0	0	0	0.497906002	0.006223825	0	22.226196265	0.836826249	0.231394395	0	0	0.048420122	2.264740702	0.140499759	0	0	0.003369521	0	0	0.005409782	0	0	0	0	0	0	0	0	0	0	0.051944209	0	0	0	0	0	0.009016303	0	0	0.029573473	0	0	0	0	0	0	0	0	0.022205866	0	0	0	0	0	0	0	0	0	0	0
1261	0	0.002113112	7.474329734	0	0	0	0	0	0	2.603869563	0	0.246637574	0.469161406	0.420822706	0.003609478	0.40130928	0	33.084306292	0	0	0	0	0	0	0	0	0	0	0	0	0	0	0.15976744	0	0	0	0.134652751	0.018229382	0	0.180787343	0	1.453901907	0.062220531	5.631736555	0	0.180443584	0	0.667652381	0	0.965722493	1.690944537	0	2.18189425	0.138009465	0	12.482556716	0	0	2.1255783	0	0	0	0	0	0	0	0	0.651192351	14.831578911	5.817457864	1.230306353	0	0.083018001	0.281680856	1.548840286	0.59797024	0	0	0	0	0	0.052342491	0	0	0	0	0	0	0	0	0	0.082330481	0	0	0	0	0	0	0.015681515	0	0	0.030291308	0	0	0	0	0	0	0	0	0	0	0	0	0	0	0	0	0	0	0	1.997052563
1030	0	0	0	0	0	0	0	0	0	0	0	0	0	0.689138297	0	0.038311814	0	67.807332063	0	0	0	0	0	0	0	0	0	0	0	0	0	0	1.778239574	0	0	0	0.029453655	6.247153227	0	0	0	0	0	0	0	0	0	8.674586648	0	0	0	0	0	2.403506463	0	0	0	0.023066514	0	0.096524149	0.006155483	0	0	0	0	0	0	0.35903674	0	5.239010891	0	0	0	0	0	0	0	0	0	0	0	1.677027109	0	0	0	0	0	0	0	0	0	0	0	0	0	0	0	0	2.439810574	0	0	0	0	0	0	0	0	0	0.005570822	0	2.376909923	0.038455221	0	0	0	0	0	0.070710834	0	0	0	0
1121	0	0	17.207042959	0	0	0	0	0	0	2.647848044	0	0	0.001589838	0.270672468	0	0.057550012	0	37.037559964	0	0.34539483	0.219681851	0	0	0	0	1.339095915	2.155598555	0	0	0	0	0	0.340056767	0	0	0	0	0.004158846	0	0	0.170312659	0	0	0.883486389	0	0.457273064	0	7.04769702	0	0.600590072	0	0	0	0.378223396	0	1.743483193	0	0	1.444751673	0.116510873	0	0.730261852	0	0	0	0	0	0.01454017	11.132505481	3.693003009	0.068184024	0	0	0.002358434	3.427605433	1.360058607	0	0	0	0	0	0.008191348	0	0	0	0.007612268	0	0	0	0	0	0.038587778	0	0	0	0	0	0	0.09431632	0	0	0.169259786	0	0	0	0	0	0	0	0	3.511666775	0	1.192146498	0	0	0	0	0.081123828	0	0	0	0
1026	0.019129505	0	4.691968201	0	0	0	0	0	0	13.707013344	0.015239839	0.533181828	0.574767247	1.246882422	0.002199893	0.469512457	0	9.775698046	0	0	0	0	0	0	39.454084298	0	0.457790321	0	0	0	0	0	0.372621512	0	0	0.43634402	0.054338423	0.002518718	0	0.029501948	0.130176285	0	0	1.214234733	0	1.459549385	0	3.488339716	0	0	0.454633953	0.065327261	0	0.1644181	0.810835972	1.064121252	0	0	2.624791329	0.464783218	0	0	0	0	0	0	0	0.19110376	6.560899631	1.601469061	0	0	0	0.360995023	1.062930972	0.574745992	0	0	0	0	0	0.082586326	0	0.068685552	0	0.01796048	0	0	0	2.178829419	2.352897291	0	0	0	0	0	0.213984774	0	0.010404325	0	0	0.020776768	0	0	0.117423281	0	0	0	0	0	0	0	0	0	0	0	0	0	0	0	0	0.800304117
1039	0	0	2.217317421	0	0	0	0	0	0	0.604181877	0	0.005858621	0.003213459	0.079013884	0	0.007026212	0	4.844200989	0	0	0	0	0	0	73.478293036	0.008348793	0.863397425	0	0	0	0	0	0.173382106	0	0	0	0.160218292	0	0	0	0.233838525	0	0	0.487143789	0	0.131441822	0	0.336762194	0	0	0.010725306	0	0.38716493	0.050154752	0	0.071440041	0	0	2.492496936	0.017338211	0	0	0	0	0	0.314474637	0	0.01023967	7.910491436	1.478025626	0.1266268	0	0	0	0.997980377	0.179199396	0	0	0	0	0	0	0	0	0	0	0	0	0	0	0.04777824	0	0	0	0	0	0.655834866	0	0	0	1.268479195	0	0.037125263	0	0.02404411	0	0	0	0	0	0.201083979	0	0	0	0	0	0	0.048253542	0	0.032609888	0	0.004794356
1050	0	0	17.313089908	0	0	0	0	0	0	0	0	0	0	0.67664727	0	0.18617031	0	32.061524924	0	0	0	0	0	0	5.176219003	6.059142019	0	0	0	0	0	0	0.230448035	0	0	0	0.764422634	0.197934018	0	0.044797783	0	0	0	9.020070593	0	0.889205315	0	3.047695026	0	0	0	0	0	0.375034519	0	8.594580061	0	0	4.766600637	0.1033771	0.051392117	0	0	0	0	0	0	0.175446717	0	3.622556573	0	0	0	2.603711237	1.220492568	0.707632317	0	0	0	0	0.001695389	0.660723099	0	0	0	0	0	0	0	0	0	0	0	0	0	0	0.396388094	0.00152897	0.159168906	0	0	0.056384672	0	0	0	0	0	0	0	0	0.031005849	0	0	0	0	0	0	0.063883906	0	0.007499234	0	0.733531198
1096	0	0	11.312884167	0.036216734	0	0	0	0	0	0	0	0	0	1.617390987	0	0.17545396	0	58.173807244	0	0	0	0	0	0	0	0	0	0	0	0	0	0	0.013178396	0	0	0	4.8711507	0.568356753	0	0	0	0.030088727	0	0	0	0.308139096	0	1.804475438	0	0	0	0	0	0.54615598	0	0	0	0	0	0	0.400493888	0	0	0	0	0	0	0	12.26672225	2.944210539	0	0	0	0	0	0.182758799	0	0	0	0	0	0.216876319	0	0	0	0	0	0	0	0	0	0	0	0	0	0	0	0	0.649748985	0	0.090594845	0	0	0	0.09549301	0	0	0	0	0	0	0	0	0	0	0.066220644	0.005884159	0.062075227	0	0.267183229	0	3.294439926
1091	0	0	36.33376948	0	0	0	0	0	0	0.80227982	0	0	0	0.70359228	0	0.29312382	0	17.68626313	0	0	0	0	0	0	0	1.85058953	2.32946737	0	0	0	0	0	1.665055	0	0	0.03792392	0.41866296	0.03309502	0	0	0.120381	0	0.20731334	1.6786149400000001	0	1.93819255	0.0906028	7.91631862	0	0.97598599	0.01170642	0.18188846	1.36767541	0.48045089	0	3.53908175	0	0	2.11977616	0.05387391	0.10351644	0	0	0	0	1.24950156	0	0.12546597	9.41003313	0.36515487	0	0	0	0.12823405	1.42564657	2.09574142	0	0	0	0	0.02859536	0.31892672	0	0	0	0	0	0	0	1.59637735	0	0.15679283	0	0	0	0	0	0	0	0	0	0	0	0	0	0	0	0	0	0	0.16032915	0	0	0	0	0	0	0	0	0	0	0
1191	0.003987889	0	6.213818107	0	0	0	0	0	0	0	0	0	0	0.275164364	0	0.052327166	0	28.958881226	0	0.053316566	0	0	0	0	0	22.2680005	6.644681786	0	0	0	0	0	0.062513951	0	0	0	0.330732321	0.266461679	0	0	2.342455908	0	0	0.011368009	0	0.066340306	0	2.173379496	0	0.112932988	0	0	0	0.446704181	0	0	0	0	0.364099344	0.10480577	0.009015659	0	0	0	0	0.071428651	0.006804652	0.417698596	10.964141404	1.132328365	0	0	0	0.031893019	0	2.28594903	0	0	0	0	0	0	0	0	0	0.05855635	0	0	0	0	0	0	0	0	0	0	0.054911722	0.791035709	0.00750127	0	0.585311099	0	0.009490167	0	0.110944091	0	0	0	0	0	0.048298893	0	0	0	0	0	0	0	0	0.027743595	0	12.634976172
1210	0.004742229	0	12.589552289	0	0	0	0	0	0	0.084562853	0	0.130452722	0.135422744	0.264829691	0	0.126642372	0.959959743	10.399998757	0	0	0	0	0	0	43.613454471	2.188145359	5.607106303	0	0	0	0	0.062353067	0.297435106	0	0	0	0.011607072	0	0	0	0.409250246	0.059836994	0	0.110872907	0	0.824392039	0	1.177957331	0	0	0.432764663	0.012135137	0.380444827	0.048706215	0	5.398375735	0	0	0.832696118	0	0	0	0	0	0	0.107890894	0	0.325049791	7.164245248	1.522048519	0	0	0	0	1.752015577	0.488894848	0	0	0	0	0	0.059712743	0	0	0	0.025481717	0	0	0	0.262665661	0	0	0.026703514	0	0.001915529	0	0	0	0.022189077	0	0	0	0	0	0.043756902	0	0	0	0	1.188798192	0	0.826400757	0	0	0	0	0	0.01853404	0	0	0	0
1097	0	0	7.892154538	0	0	0	0	0	0	0	0	0	0	0.280820808	0	0.009582481	0	52.648919233	0	0	0.069783382	0.402230734	0	0	0	3.763951768	0.02629611	0	0	0	0	0	0.026434064	0	0	0	0.75403406	0.077965101	0	0	0.988109765	0	0	5.069832727	0	0.354297106	0	1.356064294	0	0	0	0.314470915	0	0.63236945	0.244952829	0.421278965	0	0	2.500900148	0.015482657	0.250683216	0	0	0	0	0.456807366	0	0.15521921	13.50029347	2.273700908	0	0	0	0	1.964790591	0.871146195	0	0	0	0	0	0.016002637	0	0	0	0.020565723	0	0	0	0	0	0	0	0	0	0	0	0	0	0	0	0	0	0	0	0	0	0	0	0	2.061474957	0	0	0	0	0	0	0.003894541	0	0	0	0.575490052
1087	0.07247509	0	10.59472444	0	0	0	0	0	0	0	0	0	0	0	0	0	0	0	0	0	0	0	0	0	0	0	0	0.07432332	0.03026865	3.34989726	0.17346148	0	1.05382775	0	0	0	0.6775148	0	0	0	0	0	0	0	0.15372172	0	0	0	0	0	0	0	0	0	0	0	0	0	0	0	0	0	0	0.02999596	0	0	0	0	0	0	0	0	0	0	0	0	0	0	0	0	0	0.12730103	0	0	0	0	0	0	0	0	0	0	0	0	0	0	0	0	49.73667941	0	0	0	0	0	0	0	0	0	0.60976635	0	32.86667902	0.18992896	0	0	0	0	0	0.25943475	0	0	0	0
1021	0	0	12.15464	0	0	0	0	0	0	2.766568	0	0	0	1.987185	0	0.4417479	0	11.41342	0	0	0	0	0	0	9.046032e-4	16.57528	0	0.01330911	0	0.01705229	0	0	0.234417	0	0	0	0.03601777	0.02404997	0	0	0.2755713	0	0.01966212	5.335111	0	0.2685008	0	0.4933311	0	8.356257	0.3013057	0.1089267	0.2549941	0.3765749	0.6727233	0.9040834	0	0	0.01832082	0.3355662	0	0	0	0	0	0	0.02244872	0.07866929	1.48409	0.1157788	0	0	0	0.8020088	12.86641	6.01582	0	0	0	0.02375883	0	0.004356652	0	0	0	0	0	0	0	1.016566	0	0	0	0	0	0	0.006997678	0	0	0	0.1905386	0	0.009753079	0	0.3248046	0	0	0	0	0	0.2508974	0	0	0	0	0	0	0	0	0.1943545	0	13.20722
1007	0	0	38.085633896	0	0	0	0	0	0	0	0	0.298028061	0.256796184	0.349887279	0.001376598	0.52466022	0	18.690782176	0	0	0	0	0	0	0	0	0	0	0	0	0	0	0.439564409	0	0	0	0.341010972	0.011255069	0	0	0	0.029525284	0	0.384764777	0	0.573799279	0	3.964196106	0	0.412043452	0.224837074	0.071770338	2.117560848	0.39816734	0.280947227	10.984363714	0	0	1.350773478	0.368664082	0	1.388283033	0	0	0	0.282345852	0.076615964	0.095216563	5.848847506	2.304249626	0.551377243	0.019162251	0	0.30734488	7.174809173	0.65348781	0	0	0	0	0	0.148562506	0	0	0	0	0	0	0	0	0	0	0	0	0	0	0.074193151	0	0	0	0.077243693	0	0	0	0	0	0	0	0	0	0	0	0	0	0	0	0	0	0	0.83785289	0	0
1098	0	0	7.970712156	0	0	0	0	0	0	4.87055159	0.238897969	0.004712255	0.002997774	0.131943133	0	0.238877436	0	9.721853774	0	0	0	0.661029756	0	0	36.498199282	7.547204678	10.825773877	0	0	0	0	0	0	0	0.009783832	0	0.157783536	0.075970991	0	0.013489984	0.645065581	0.162731917	0	1.008114523	0	0.393160147	0	1.630132148	0	0.468617821	0.235376611	0.01102606	0	0.423825735	0	1.342859137	0	0	0.376313066	0.019557397	0	0.279378188	0	0	0	0.194752663	0	0.044237703	7.264223002	0.473802328	0	0	0	0.053805941	2.268339808	1.307060374	0	0	0	0	0	0	0	0	0	0	0	0	0	1.191502337	0	0.468063438	0.122744483	0	0	0	0	0	0	0	0.596115624	0	0.032051545	0	0	0	0	0	0	0	0	0	0	0	0	0	0	0	0	0.017360398	0	0
1111	0.117910727	0	26.886524347	0.001638962	0.004328541	0	0	0	0	4.132653822	0	0.031739134	0.008951255	0.569014074	0	0.118929825	0	13.562769838	0.156457858	0	0	0	0	0	0	0.866538253	0.988619929	0	0	0	0	0	0.103118042	0	0	0	0	0	0	0	0	0	0	6.794065864	0	1.214796719	0	3.586333072	0	0.824009284	0.73499052	0	2.115606093	0	8.828511808	0.083587075	0	0	5.653074977	0	0	1.241156696	0	0	0	2.010260744	0	0.041226204	16.494400527	0.7649331	0.74222927	0	0	0.034060998	0.581705525	0.061650195	0	0	0	0	0	0	0	0	0	0	0	0	0	0.229202567	0	0	0	0	0	0	0.02212599	0	0.082399878	0.013311315	0.068762871	0	0	0.004381072	0.023229138	0	0	0	0	0	0.029900555	0	0	0	0	0	0	0.141076828	0	0	0	0.029816506
1214	0	0	5.270253804	0	0	0	0	0	0	0	0	0	0	0.382735435	0	0.013717606	0	37.303031109	0	0	0	0	0	0	0.068161065	0	0	0	0	0	0	0	0.050841629	0	0	0	0.047743399	0.706790609	0	0	0	0	0	1.698443232	0	0	0	0.97087368	0	0	0	0	0.297243987	0.806733166	0	0	0	0	2.224737299	0.005189262	0	0	0	0	0	0	0	0	6.150326349	1.724312907	0.411166898	0	0	0.168979446	1.610379049	0.484856606	0	0	0	0	0	0.014451109	0	0	0	0	0	0	0	0	0	0	0	0	0	0	0	0.518072261	0.354249234	0	0.391614109	0	0.018107678	0	0.024796789	0	0	0	0	0	0	0	0	0	0	0	0	0.052560435	0	0.00644826	0	38.223183586
1179	0.008446325	0	32.228938287	0	0	0	0	0	0	7.20138101	0	0	0	0.058544921	0	0.00625089	0	14.773058644	0	0	0	0	0	0	0	0.046551343	0	0	0	0	0	0	4.869046904	0	0	0	0.05214157	0	0	0	0	0	0	0.186449311	0	1.209847052	0	3.793660053	0	0.423393615	0.184538469	0	5.075905624	0.010143721	0	0.019840223	0	0	1.836724924	0	0	2.004380908	0	0	0	2.634663736	0	0	20.196656048	0.110564522	0.184172564	0	0	0	0.14382129	0	0	0	0	0	0	0	0	0	0	0	0	0	0	0	0	0	0.403319619	0	0	0	0.223934322	0	0.038501417	0	1.342589529	0	0	0	0	0	0	0	0	0	0	0	0	0	0	0	0	0.156790616	0	0.027707197	0	0.548035345
1057	0	0	13.86712	0	0	0	0	0	7.301569e-4	6.325887	0	1.343712	1.353731	2.112141	0.01892323	0.4271215	0	12.09246	0	0.01379185	0	0.1830361	0	0	0	7.133532	0.6844207	0	0	0	0	0	0.9905998	7.605801e-4	0.01933902	0	0.002058637	0.00189638	0	0.002951051	0.5798054	0.004015863	0	3.113278	0	0.9934191	0	1.778206	0	0.8595265	0.985793	0.01166223	2.573905	0.1574097	0.4425461	3.971567	0	0	4.970614	0.039682	0	0	0	0	0	0.82671	0	0.003904311	10.67559	0.2207508	0.08303507	0.01178392	0	15.18884	4.043153	0.141042	0	0	0	0	0	0.01711812	0	0	0	0	0	0	0	0	0	0	0	0	0	0	0.5712058	0	0	0	0.01987649	0	0	0	0.04958982	0	0	0	0	0	0	0	0	0	0	0	0	0.02591043	0	0.1953373	0	0.8705093
1187	0.127311404	0	0.966658042	0	0	0.002374827	0	0	0	0	0	0.040702478	0.039649294	0.416854502	0	0.181364543	0	24.115856888	0	0	0	0	0	0	0	0	0	0.007785304	0	0	0	0	2.406908311	0	0	0.453364893	3.943731457	0.155045259	0	0	0	0	0	0	0	0.066309314	0	3.03009402	0	0	0	0.110264273	1.214765562	2.055599048	2.01321354	6.631086244	0.009912323	0	11.363972876	0	0	0	0	0	0	0	0.150440159	0.185546304	21.500221891	3.392513346	0	0	0	1.542946071	3.760105665	0.794927038	0	0	0	0	0.030397792	0.036944055	0	0	0	0	0	0	0	0.036303885	0	0	0	0	0	0.019659441	0.128261335	0.025627486	0.173558588	0	0.454603933	0	0.040578574	0	0	0	0	0	0	0	0.133847342	0	0	0	0	0	0	0.011843161	0	8.228849528	0	0
1014	0.001003695	0	2.437974396	0	0	0	0	0	0	0.326669892	0	0	0	0.230053368	0	0.009065981	0	29.628019839	0	0.274303212	0	0	0	0	0	0	0	0.010484246	0.01663733	0	0.041020565	0.013658976	0.24307958	0	0	0	0.259258702	0	0	0	0.361297358	0	0	1.961066683	0	0.142928305	0	2.292209562	0	2.635582242	0.204230049	0	1.980769646	0.055650507	4.330495278	1.579302681	0	0	11.50818873	0	0	0	0	0	0	0.971761923	0	0	28.60892062	0.683756096	0	0	0	0	1.838801397	0.209641273	0	0	0	0	0	0	0	0	0	0	0	0	0	0	0	0	0	0	0	0	0	0	0.184843468	0	0.013920809	0	0	0	0.049824713	0	0	0	0	0	0.027132486	0	0	0	0	6.01878611	0	0.039853225	0	0.681039575	0	0.128767483
1079	0.013972492	0	14.453551377	0	0	0	0	0	0	0.293565632	0	0.033295134	0.004764978	0.236182878	0	0.052987987	0	38.110269471	0	0	0	0	0	0	0	0	0	0	0	0	0	0	0.019668969	0	0	0	0.045965915	0.153183889	0	0	0	0	0	0.881807529	0	2.557873583	0	4.242179823	0	0	0	0.11404897	1.010079779	0.249904581	0.18388754400000001	1.390943628	0	0	2.876995738	0.533378969	0.035086479	0.547518653	0	0	0	0.695877852	0.067115729	0	22.464625712	2.13878243	0.066100633	0	0	3.991713954	1.114109159	1.079751161	0	0	0	0	0	0.021508083	0	0	0	0	0	0	0	0	0	0	0	0	0	0	0.024875812	0	0.229172747	0	0	0	0	0	0	0	0	0	0	0	0	0	0	0	0	0	0	0.06525273	0	0	0	0
1142	0.217188605	0	3.473789926	0	0	0	0	0	0	0	0	0	0	0.698811786	0	0.064534894	0	0.00647358	0	0	0	0	0	0	0	0	0	0.005681124	0	0	0	0	0.616262481	0	0	0	0	5.854928861	0	0	0	0	0	0	0	0	0	48.774651783	0	0	0	11.368387545	0	4.606286918	0	0	0	0	0	0	0.067325231	0	0	0	0	0	0	0	0.003448855	11.921030362	0	0	0	0	0	0.331224062	0	0	0	0	0	8.267007043	0	0	0	0	0	0.036821276	0.013706131	0	0	0	0	0	0	0	0	0	1.167130644	0	0	0	0	0	0	0	0	0	0.019989968	0	1.899772465	0.585546461	0	0	0	0	0	0	0	0	0	0
1204	0	0	16.237719162	0	0	0	0	0	0	5.186611578	0	0	0	0.297572948	0	0.009142551	0	28.771058929	0	0	0	0	0	0	0	5.539661069	2.651049851	0	0	0	0	0	0.286753055	0	0	0	0.017135812	0.157204247	0	0	0	0	0	1.192466124	0	1.570447962	0	2.575776527	0	0.830719302	0	0.008780162	1.841173079	0.241423397	0	0.011244406	0	0	4.622496515	0	0	0	0	0	0	0.166232905	0	0.218261578	15.599531835	2.874208854	0.946890787	0	0	0	6.779455166	0.056449816	0	0	0	0	0	0.001211414	0	0	0	0	0	0	0	0	0	0	0	0	0	0	0.431646438	0	0.035141356	0	0	0.043072493	0	0	0.137438529	0	0	0	0	0	0.622780628	0	0	0	0	0	0	0.039241527	0	0	0	0
1105	0	0	3.039966384	0	0	0	0	0	0	6.332959861	0.00697221	0.208069785	0.521622696	0.100983257	0	0.080852811	0	13.826378933	0	0	0	0	0	0	23.166564756	12.296237417	0	0	0	0	0	0	0.030433594	0	0	0	0.034985185	0.011172087	0	0	2.728213421	0.16906058	0	1.001919013	0	0.093535199	0	0.949730882	0	0.277574652	1.551606407	0	0.487040947	0.161622866	0	0.423266948	0	0	7.528062887	0	0	0	0	0	0	0.780566857	0	0.724727109	12.120566686	1.284324558	0.739550814	0	0	0	5.512483825	1.046152204	0	0	0	0	0	0	0	0	0	0.005368809	0	0	0	0.04087122	0	0	0	0	0	0	2.671090951	0	0	0	0	0.031199089	0	0	0	0	0	0	0	0	0	0	0	0	0	0	0	0	0	0	0.014265101	0
1018	0.197268442	0	0.091513741	0	0	0	0	0	0	0	0	0	0	0.870159174	0	0.062817025	0	62.181154463	0	0	0	0	0	0	0	0	0	0.07680023	0	9.995800743	1.241294059	0	0.473538771	0	0	0	0.258796693	0.017527335	0	0	0	0	0	0	0	2.12330996	0	3.231828009	0	0	0	0	0	0	0	0	0	0	0	0	0	0	0	0	0	0	0	0	0.007797087	7.233054493	0	0	0	0	0	0	0	0	0	0	0	0.962596537	0	0	0	0	0	0	0	3.661269207	0	0	0	0	0	0	0	0	5.668804243	0	0	0	0	0	0	0	0	0	0.124431194	0	1.476001405	0.03510837	0	0	0	0	0	0.009128821	0	0	0	0
1062	0	0	53.568533424	0	0	0	0	0	0	0	0	0	0	0.382034617	0	0.04083594	0	9.722909485	0	0	0	0	0	0	0.003827703	0	0	0	0	0	0	0	0.448598266	0	0	0	0	0.005373711	0	0	0.100682451	0	0	1.59230314	0	1.663984609	0	1.435036789	0	0	0.082727431	0	3.901090448	0.032977954	0.055176499	5.368326856	0	0	0.989210675	0.033340466	0.006439924	0	0	0	0	0	0	0	17.475468848	0.829118862	0.667342432	0	0	0	0.785414809	0	0	0	0	0	0	0.030685597	0	0	0	0	0	0	0	0	0	0	0	0	0	0	0.073558004	0.004606038	0.18069104	0	0	0	0	0	0	0	0	0	0	0	0	0	0	0	0	0	0	0.009190752	0	0	0	0.510513229
1201	0	0	3.285307186	0	0	0	0	0	0	0	0	0.233819077	0.343148497	0.110555315	0	0.050813356	0	50.192593243	0	0	0	0	0	0	0	15.903242135	9.950295058	0	0	0	0	0	0.006466597	0	0	0	0.095619825	0.258755829	0	0	0.093597098	0	0.032894854	0.14454326	0	0.207278446	0	2.564899658	0	0	0	0.817845765	0	1.236243796	0	0	0	0	0	0.216809781	0.071888538	0	0	0	0	0	0	0.422811254	2.010570281	9.160573372	0	0.062919071	0	0	0	1.07391484	0	0	0	0	0.008244145	0.230989303	0	0	0	0	0	0	0	0	0	0	0	0	0	0	0.017172749	0	0	0	0.496150434	0	0.034948229	0	0.167447068	0	0	0	0	0	0	0	0	0	0	0	0	0	0	0.49764194	0	0
1048	0.015270012	0	6.017284829	0	0	0	0	0	0	0.718775076	0	0.100372131	0.19734972	0.608490452	0	0.504864768	0	31.120577024	0	0	0	0	0	0	0	8.107812357	3.995353058	0	0	0	0	0	0.935342453	0	0	0	0	0.037762913	0	0	0.469075677	0.085286487	0	0.866757542	0	0.557246982	0	3.516972217	0	0.151669827	0.995337983	0	0.443589507	0.187773427	0	2.228987927	0	0	3.508502132	0	0	1.055322667	0	0	0	0.852658809	0.001323112	0.107269664	15.678766669	0.477534917	0	0	0	4.438519603	4.209664638	0.382281711	0	0	0	0	0	0	0	0	0	0	0	0	0	0.002028048	0	0	0	0	0	0	0.286800756	0	0	0	0	0	0	0	0.048109214	0	0	0	0	0	0.033576674	0	0	0	0	0	0	0	0	0	0	7.055689018
1102	0.18182289	0	15.61819993	0	0	0	0	0	0	7.80415255	0	0	0	0.43089909	0	0.30566625	1.11221124	0.00532637	0	0	0	0	0	0	0	0	0	0	0	0	0	0	0.87448252	0	0	0	0	0.40817255	0	0.1054537	0.27639227	1.33221346	0.047979430000000003	2.67597441	0	0	0	1.74219655	0	0	0	0.29163453	5.49047654	0.9748309	0	4.21077939	0	0	3.01678838	0.69839653	0.010358	0	0	0	0	0	0.11698013	0.0462531	21.01154917	7.34909532	0.24085507	0	0	0	3.14784234	0.92736727	0	0	0	0	0	0.03189506	0	0	0.4230148	0	0	0	0	0	0	0	0	0	0	0	0.31514003	4.91390229	0.07650604	0	0	0	0	0	0.71282826	0	0	0	0.29564509	0	4.5922043	0.08119029	0	0	0	0	0	0	0	0	0	8.10332399
1004	0.008420242	0	3.210561067	0	0	0	0	0	0	0.01174457	0	0	0	0.203940757	0	0.008962139	0	18.809684195	0	0.207150453	0	0	0	0	0.252325883	0	0	0	0	0	0	0	0.338477045	0	0	0	0.53323682	0.004762439	0	0	2.12453746	0	0	10.000120885	0	0	0	0.652996001	0	0	0.626484745	0.021373658	0	0.54564834	2.890831566	3.372807038	0	0	15.138000259	0.042413842	0	0	0.014235211	0	0	0.696306057	0.089756859	0.071082264	25.532330185	1.140755179	0	0	0	5.680786967	4.245114905	0.510956527	0	0	0	0	0	0.041288364	0	0	0	0	0	0	0	0.339206521	0	0	0	0	0	0	1.006135522	0	0	0	1.15308333	0	0.019362388	0	0	0	0	0	0	0	0.06579877	0	0	0	0	0	0	0.134192393	0	0.219489025	0	0.035640132
1198	0	0	0.46644937	0	0.002298241	0	0	0	0	0.790480581	0	0	0	0.433920418	0	0.030709078	0	60.156463429	0	0	0	0	0	0	0	0	7.348163471	0	0	0	0	0	0.121744388	0	0	1.677872066	3.285268201	0.522095925	0	0	0.573042005	0	0	1.292734677	0	0.907670084	0.183984087	7.953100073	0	0	0	0.345037759	0	1.787501291	0	0	0	0	0	0.024074337	0.024999873	0	0	0	0	0	0	0.313091167	0	4.103868439	0	0	0	0	0	6.322347151	0	0	0	0	0	0.019581847	0	0	0	0	0	0	0	0	0	0	0	0	0	0	0.848893345	0	0.199978182	0	0	0	0	0	0	0	0	0	0	0.172940051	0.091690465	0	0	0	0	0	0	0	0	0	0	0
1075	0	0	58.580630427	0	0	0	0	0	0	4.240235979	0	0	0	0.197415452	0	0.016160966	0	14.087890278	0	0	0	0	0	0	0	0	0	0	0	0.003546261	0.069063689	0	0.095582649	0	0	0	0	0.079796068	0	0	0	0	0	0	0	0.046486176	0	0.371962201	0	0.530035997	0.025832586	0	0.765503556	0.139333731	0.253937233	0	0	0	2.205347845	0	0	0	0	0	0	0.441275481	0	0	2.921838124	0.419082752	0	0	0	0	0.001944724	0.221875292	0	0	0	0	0	0.007685298	0	0	0	0	0	0	0	0	5.851455142	0	0	0	0	0.05147798	0.004971005	7.61973934	0.165519904	0	0	0	0	0	0	0	0	0	0	0	0.584373864	0	0	0	0	0	0	0	0	0	0	0
1169	0.002380824	0	24.424440771	0	0	0	0	0	0	0.636738279	0	0	0.007427358	0.106363842	0	0.072289564	0	15.128715104	0	0	0	0	0	0	21.811831843	0.817579194	8.305872456	0	0	0	0	0	0.282025955	0	0	0	0	0.013226803	0	0	1.156521099	0.004252926	0	4.966959447	0	0.5647336	0	1.613049279	0	0.279919842	0.345819842	0	0.843697042	0.025487031	1.592435815	0.425597811	0	0	1.361444969	0	0	1.032779273	0	0	0	0.537639004	0	0.02388964	9.588333065	0.859650601	0.118990351	0	0	0	0.827672262	0	0	0	0	0	0	0	0	0	0	0	0	0	0	0	0	0	0	0.003001467	0	0	0.230197238	0	0.210153545	0	0.519365667	0	0.015923035	0	0	0	0	0	0	0	0.079442211	0	0	0	0	0	0	0	0	0.014814019	0	1.149337927
1268	0	0	21.82966825	0	0	0	0.03016534	0	0	0	0	0.15787446	0.10520532	0.3253335	0	0.21756071	0	12.47262463	0	0	0	0	0	0	0	19.1176624	0	0	0	0	0	0	0.07371021	0	0	0	0.05750747	0.01601862	0	0	0.02703526	0.10492913	0.0150571	1.46822022	0	2.64565029	0	4.46297622	0	0	0	0.21945307	1.68321345	0.75273201	0	0	0	0	4.40734066	0.28256603	0.04286976	2.2930258	0	0	0	0.96200723	0.01990564	0	10.63122985	0.43487592	0.02974595	0	0	6.0552845	2.49048651	0.3968547	0	0	0	0	0	0.02413022	0	0	0	0.01791099	0	0	0	4.52350124	0	0	0	0	0	0	0.41512371	0	0	0	0.81667352	0	0.13762103	0	0	0	0	0	0	0	0.03395007	0	0	0	0	0	0	0	0	0.20229903	0	0
1070	0.033409221	0	31.863728143	0	0	0	0	0	0	0	0	0	0	1.05018035	0	0.086859683	0	34.765330798	0	0	0	0	0	0	0	0	0	0.01094329	0	0	0	0	0.106407404	0	0	0	0.971335017	0.467718367	0	0	0	0	0	0	0	1.202377913	0	6.210778497	0.378208691	0	0	6.016513639	0	2.542351606	1.901536138	0	0	0	0	0.994058437	0	0	0	0	0	0	0	1.382652525	0.0077675900000000004	2.4665425	0	0	0	0	0	7.04003313	0	0	0	0	0	0.158441675	0	0	0	0.075154654	0	0	0	0.12865876	0	0	0	0	0	0	0.007864149	0	0	0	0	0	0	0	0	0	0	0.067547995	0.03108109	0	0.032518738	0	0	0	0	0	0	0	0	0	0	0
1064	0	0	50.11717	0	0	0	0	0	0	0	0	0	0	0.9890821	0	0.09469801	0	6.138085	0	0	0	0	0.001423792	0	0	0	0	0	0	0	0	0	1.277131	0	0	0	0.02186312	0.2726931	0.002046042	0	0	0	0	0.4514687	0	1.580009	0	1.273429	0	0	0	0	2.565305	1.449252	2.483115	3.09794	0	0	4.729269	0	0	0	0	0	0	0.09165004	0	0	5.919169	2.311722	0.07836131	0	0	1.046498	5.644366	1.945185	0	0	0	0	8.120889e-4	0.1193349	0	0	0	0.08363461	0	0	0	0	0	0	0	0	0	0	0.2844421	0.128289	1.191218	0	2.621624	0	0.07491257	0	0	0	0	0	0	0	1.035983	0.07132672	0	0	0	0	0	0	0	0.7171484	0	0.09034226
1110	0	0	0	0	0	0	0	0	0	0	0	0	0	0.713214515	0	0.350009256	0	4.736366775	0	0	0	0	0	0	0.036646223	22.832540838	15.346772243	0	0	0	0	0	0.050556659	0	0	0	1.250962121	0.056755418	0	0	3.270202649	0	0.126213039	7.126839429	0	0.404558336	0	1.970196786	0	5.855452922	0.473532664	0.416251928	0	0.324352697	0	7.644183662	0	0	1.605005824	0.003267481	0	0	0	0	0	0.744145272	0.077904744	0.805481468	6.519886355	3.265810986	0.0092351	0	0.006303823	0	10.54951054	0.889805605	0	0	0	0	0	0	0	0	0	0.106187896	0	0	0	0	0	0	0	0	0	0	0.097887862	0	0	0	0.09323354	0	0.064866337	0	0.08695073	0	0	0	0	0	0.108677906	0	0	0	0	0	0	0	0	1.980230371	0	0
1061	0.006512183	0	10.18151	0	0	0	0	0	0	0	0	0	0	0.5907525	0	0.05567502	0	39.54747	0	0	0	0	0	0	0.001669525	0	1.239036	0	0	0	0	0	0.04221513	0	0	0	0.006138874	0.01128225	0	0.02403701	0.4343875	0.4494651	0	1.440105	0	0.4156391	0	2.035711	0	0.00774618	0.4590882	0	1.932584	0.3025988	2.581023	4.18975	0	0	2.296115	0	0	4.547443	0	0	0	1.271151	0	0.2214453	17.53448	2.33103	0	0	0	0.002478363	4.738702	0.4410241	0	0	0	0	0	9.747536e-4	0.03851314	0	0	0	0	0	0	0	0	0.01389542	0	0	0	0	0	0	0.02855821	0	0.4041598	0	0.1199984	0	0.03894866	0	0	0	0	0	0	0	0	0	0	0	0	0.005205599	0	0.01147928	0	0
1183	0.02550881	0	4.515285	0	0	0	0	0	0	3.318069	0	0.2901048	0.1601632	0.5935454	0	0.185528	0	19.56727	0	0	0	0.8759224	0	0	0	8.833364	1.324204	0.03276323	0	0	0	0	0.6786639	0	0	0	0.03503731	0	0	0	0.004712801	0.006564994	0.005721217	4.21594	0	3.254673	0	4.500005	0	6.814371	1.055266	0	3.539591	0.02571461	0	9.024026	0	0	1.011925	0	0	0.2373482	0	0	0	0.3488502	0	0	18.47236	0.1339341	0.6159466	0	0	6.791373e-4	2.805177	0.01549668	0	0	0	0	0	0	0	0	0	0	0	0	0	0.4424888	0	0	0	0	0	0	0.009044874	0	0	0	0	0	0	0	0.03038625	0	0	0	0	0	0	0	0	0	0	0	0	0	0	0.03808314	0	2.956264
1153	0	0	7.110684248	0	0	0	0	0	0	0	0	0	0	0.494864158	0	0.030831053	0	60.714201947	0	0	0	0	0	0	0	1.055204573	2.224395265	0	0	0	0	0	0.542354721	0	0	0	2.281289683	0.910036675	0	0	0	0	0	4.056678282	0	0	0	1.772560867	0	0	0	0.897081714	0	3.563578717	0	0	0	0	7.620169318	0.044586109	0.040925401	0	0	0	0	0.201601987	0	0	0	3.023087231	0	0	0	0	0	0.255789234	0	0	0	0.015673091	0	0.216847631	0	0	0	0.296188545	0	0	0.002772932	0	0	0.699655565	0	0	0	0	0	0	0	0	1.471867678	0	0	0	0	0	0	0	0	0	0.018665227	0.053606356	0	0	0.262211914	0.046449343	0	0	0	0.076140535	0	0
1052	0.019790475	0	8.523580864	0	0	0	0	0	0	2.83891241	0	0	0	0.603572461	0	0.103003551	0	25.788437814	0	0	0	0	0.004082909	0	0.014586352	0	4.610598873	0	0	0	0	0	0.003628077	0	0	0.734225558	0.099671643	0.281572656	0	0	0	0	0	1.348290885	0	1.245858518	0	2.358483032	0	0.349141632	0	0.134926401	3.051107341	0.674959909	0	7.089432532	0	0	5.16897374	0	0.011592924	0	0	0	0	0	0	0.211877606	16.855487118	3.915478277	0	0	0	0	0.379456704	1.421614012	0	0	0	0	0.026242741	0	0	0	0	0	0	0	0	0	0	0	0	0	0	0	0.181784661	0.126929823	0.760510609	0	1.204289001	0	0.007002295	0	0	0	0	0	0	0	0.088004677	0	0	0.00551087	0	0	0	0.07878111	0	0.047397711	0	9.631202227
1055	0	0	5.43065439	0	0	0	0	0	0	0.98278849	0	0	0	0.40007957	0	0.30682925	0	32.2863531	0	0	0	0	0	0	0	0	0	0	0	0	0	0	0	0	0	0	0.31943148	0.08727867	0	0	0.32753439	0	0.13525774	3.63503247	0	0.18086875	0	0.80929163	0	0	0.11301851	0.46645748	1.00996976	0.19503596	0.66077272	1.59396567	0	0	9.08219124	0.10451407	0	2.47161204	0	0	0	0.38793036	0	0.17138619	15.38560142	2.4894446	0	0	0	0.03682857	17.07021253	0.43683607	0	0	0	0	0.01455846	0	0	0	0	0	0	0	0	0.67268512	0	0.33844808	0	0	0	0	0	0	0	0	1.81408254	0	0.01370389	0	0	0	0	0	0	0	0	0	0	0	0	0	0	0.03499589	0	0.03234984	0	0.50199906
1127	0.050894335	0	59.39198474	0	0	0	0	0	0	1.061422697	0	0	0	0.217288214	0	0.007580683	0	1.4818224	0	0	0	0	0	0	0	0	0	0.031307375	0	0	0	0	0.582029186	0	0	0.005907851	0.019629311	0	0	0	0	0	0	0	0	1.727686402	0	8.475373208	0	0	0	0	9.447638178	0	0	10.691156085	0	0	0.613357736	0	0	0	0	0	0	0	0	0	5.787279889	0.065695725	0	0	0	0	0	0	0	0	0	0	0	0.027135881	0	0	0	0	0	0	0.004499707	0	0	0	0	0	0	0	0	0	0.026098302	0	0.27469389	0	0.006543104	0	0	0	0	0	0	0	0	0	0	0	0	0	0	0	0	0.002975101	0	0
1059	0	0	12.873410687	0	0	0	0	0	0	3.09206397	0	0.075861845	0.059403167	0	0	0.005854225	0.406929417	5.722900078	0	0	0	0.006006151	0	0	47.141218799	0.031600662	0.562633575	0	0	0	0	0	0.056577338	0	0	0	0	0	0	0	0	0	0	0.039794551	0	0.249148934	0	0.768898791	0	0.496798863	0.216231579	0	0.694444796	0	0.304075341	6.000074343	0	0	1.606316324	0	0	1.273972571	0	0	0	0.624578974	0	0	10.313311444	0.155309149	0.267886506	0	0	0	0.120771247	0	0	0	0	0	0	0	0	0	0	0	0	0	0	2.242542978	0	3.504948897	0	0	0.00237005	0	0	0	0	0	0	0.013146686	0	0	0	0.336091268	0	0	0	0	0	0	0	0	0	0	0	0	0	0	0	0.734826795
1136	0	0	3.362471295	0	0	0	0	0	0	0.254645545	0	0	0.003184248	0.171310431	0	0.01159527	0	24.842955837	0	0	0	0	0	0	0	0	0	0	0	0	0	0	0	0	0	0	0.308201658	0.098449816	0	0	2.404955444	0	0	1.543553595	0	0.621483449	0	2.154593969	0	0	0	0	5.139773809	0.945993902	1.655641209	3.665928005	0	0	3.408621937	0.041112409	0	0	0	0	0	0	0	0.005991413	38.54026963	1.089923993	0.686812899	0	0	0	2.049566167	0	0	0	0	0	0	0.0130617	0	0	0	0	0	0	0	0	0	0	0	0	0	0	0.268828017	0	0	0	1.49662784	0	0.053325674000000003	0	0	0	0	0	0	0	0	0.049523431	0	0	0	0	0	0	0	0.082057225	0	5.029540182
1203	0	0	13.17807	0	0	0	0	0	0	2.882917	0	0	0	0.2254463	0	0.01041983	0	49.81428	0	0	0	0	0	0	0.002051625	0	2.639714	0	0	0.09036246	0	0	0.7531485	0	0	0	0	0.5168276	0	0	1.762326	0	0.04843048	3.819459	0	4.187265	0	2.966458	0	0	0	0	0.08435918	0.2344209	0	0	0	0	1.44872	0	0.04617672	0	0	0	0	0.2674086	0.007913411	0	4.714422	2.807027	9.702266e-4	0	0	0	0.2617692	0.2802439	0	0	0	0	0	0.05142201	0	0	0	0	0	0	0	0	0	0	0	0	0	0	0.0160997	0	0.06961376	0	0.08606718	0	0.02878339	0	0	0	0	0	0	0	0.4906618	0.04139633	0	0	0	0	0	0	0	0.8421263	0	5.323219
1035	0	0	7.88951152	0	0	0	0	0	0	0	0	0.066059938	0.067128505	0.032068259	0	0.008627273	0	25.706876769	0	0.172320492	0	0	0	0	0	5.182662534	13.363082989	0.018750539	0	0	0	0	0.052809707	0	0	0	0	0.155133435	0	0	0.615978271	0.037703544	0.032788135	3.383915547	0	1.174107699	0	9.020100421	0	0	0.061302003	0.534992139	0	0.460068719	0	0.98687226	0	0	7.058818766	0.007817411	0	0	0	0	0	0.460338673	0	0.040920493	16.577040139	0.947976421	0	0	0	0	2.592219865	0.223397996	0	0	0	0	0	0.015612327	0	0	0	0.04987396	0	0	0	0	0	0	0	0	0	0	0.886876883	0	0.087330046	0	0.67900123	0	0.020055316	0	0	0	0	0	0	0	0	0	0	0	0	0	0	0.039660709	0	0.026399229	0	1.26379984
1253	0.030869547	0	5.562562072	0	0	0	0	0	0	0	0	0	0	1.371215667	0	0.13432023	0	3.078740308	0	0	0	0	0	0	0	0.227831421	16.657479302	0	0	0	0	0	0.002947573	0	0	0	0.331841915	0.344294841	0	0	0	0	0.176980069	9.371329457	0	3.010443435	0	5.510945265	0	0	0	0.522280284	0	1.664030797	0	0	0	0	10.504100154	0	0.340490415	0	0	0	0	1.84913383	0	0	26.353316014	3.373646158	0	0	0	0	0	0	0	0	0	0	0	0.070239072	0	0	0	0.136490923	0	0	0	0	0	0	0	0	0	0	0	0	0.555411922	0	0.818260057	0	0	0	0	0	0	0	0	0	0	0	0	0	0	0	0	0.035964964	0	0.055192739	0	7.909641569
1065	0.060557656	0	63.201187841	0	0	0	0	0	0	3.198090242	0	0.022670251	0.00351088	0.12433529	0	0.026532218	0	4.656960991	0	0	0	0	0	0	20.304810547	0	0.007723935	0	0	0	0	0	0.001805595	0	0	0.048861412	0	0.121847581	0	0	0	0	0	0	0	0	0	0.58299659	0	0	0.201002868	0	0.133463577	0.104513868	0.017975703	0.058421035	0	0	0.151629871	0	0	0	0	0	0.052312105	0.311515324	0	0	1.502646401	1.480126616	0.029250642	0	0	0	0.022148634	0.137957503	0	0	0	0	0	0	0	0	0	0	0	0	0	0	0	0	0	0	0	0	0.036834142	0	0.011435436	0	0.062914961	0	0.012879912	0	0.053555959	0	0	0	0	0	1.729810336	0	0	0	0	0	0	0	0	1.52771408	0	0
1088	0	0	22.190394	0	0	0	0	0	0	0	0	0	0	0.19580452	0	0.02156304	0	33.00823022	0	0	0	0	0	0	0	0	5.43950917	0	0	0	0	0	0.4193283	0	0	0	0	0.02763239	0	0	1.22466316	0	0	0	0	2.0984004	0	1.61478473	0	0	0.26907107	0.08051937	1.75003686	0.46009829	0	2.50425452	0	0	1.70888686	0	0	0	0	0	0	0	0	0.20728092	20.46673006	1.78899364	0	0	0	0	0.67421945	1.15415442	0	0	0	0	0.01133525	0	0	0	0	0	0	0	0	0	0	0	0	0.10010634	0	0	0	0	0.54193142	0	1.71973352	0	0.0318994	0	0	0	0	0	0	0	0.26047192	0	0	0	0	0	0	0	0	0.02996676	0	0
1212	0.004771338	0	7.49276817	0	0	0	0	0	0	1.38451215	0	0	0	0.09666297	0	0.018944381	0	28.432175214	0	0	0	0	0	0	2.523604026	0.006712405	5.122150589	0	0	0	0	0	0.16016514	0	0	0	0.479627905	0.23266779	0	0	1.941067036	0	0	1.178900016	0	0.447161119	0	4.517426878	0	1.062056455	0	0.184726687	3.069868003	0.296874817	0.820659286	1.265467268	0	0	3.777511643	0.008479969	0.001789252	0	0	0	0	0.713662032	0.015257438	0	27.629918111	1.576525971	0	0	0	0.31011528	0.78473328	0.049329128	0	0	0	0	0	0.031024541	0	0	0	0	0	0	0	0	0	0	0	0	0	0	0.401985224	0	0.616727964	0	1.54819073	0	0.04285529	0	0	0	0	0	0	0	0.695379133	0	0	0	0	0	0	0.094179705	0	0.343319455	0	0.620046213
1184	0	0	27.898847055	0	0	0	0	0	0	2.559053781	0	0	0	0.309630027	0	0.030281615	0	38.892699537	0	0	0	0	0	0	0.005650784	0	0	0	0	0	0	0	0.131234055	0	0	0	2.327433393	0.748836957	0	0	0	0	0	0.048695554	0	1.861485594	0	3.024219322	0	0	0	1.335849459	0	2.019501689	0	0	0	0	0.043641756	0.791202398	0	0	0	0	0	0	0	0.671280204	5.09128435	5.730811059	0	0	0	0.19382498	0	5.920014542	0	0	0	0	0	0.080562271	0	0	0	0	0	0	0	0	0	0	0.088837736	0	0	0	0	0	0.145808755	0	0	0	0	0	0	0	0	0	0	0	0.005414048	0.009623831	0.034275247	0	0	0	0	0	0	0	0	0
1054	0	0	25.74472	0	0	0	0	0	0	7.289811	0	0.02436377	0.01852554	0.01358471	0	0.04485946	0	6.884921	0.9033574	0	0	0	0	0	13.49778	9.310921	0	0	0	0	0	0	0	0	0	0	0	0.03525629	0	0	1.692642	0	0	0.7060748	0	0.01400762	0	0.1178373	0	0.2754488	0.200016	0	0.5578911	0.1220045	0.5218509	0.4853259	0	0	3.441491	9.489699e-4	0	1.352478	0	0	0	0.8031998	0	0.3599484	11.3597	1.048622	0.3009782	0	0	5.953455	0.2375829	0.4082118	0	0	0	0	0	0	0	0	0	0	0	0	0	0	5.556538	0	0	0	0	0	0.6404515	0	0	0	0	0	0	0	0.07520586	0	0	0	0	0	0	0	0	0	0	0	0	0	0	0	0	0
1043	0	0	8.144372989	0	0	0	0	0	0	0	0	0	0	1.311366444	0	0.107078583	0	26.733139021	0	0	0	0	0	0	0	0	0	0.005641653	0	0	0.262624097	0	7.788394914	0	0	0.643066434	0.484033351	0.238364987	0	0	0.508733536	0	0	0.022587129	0	5.330562427	0	10.343633112	0	0	0	1.026575778	5.080031983	0.407758197	0	0	0	0	6.232539724	0.682793931	2.380952137	0	0	0	0	0	0	0.016319765	15.057562816	1.021847047	0	0	0	2.53470258	0.337668346	0.970107956	0.039101787	0	0	0	0.108647988	1.101086634	0	0	0	0	0	0	0	0	0	0	0	0	0	0	0	0	0.151606615	0	0	0	0	0	0	0	0	0	0	0	0.069228217	0	0	0	0	0	0	0.094338703	0	0	0	0.763531121
1067	0.02148685	0	10.999836877	0	0	0	0	0	0	2.690557492	0	0.490190459	0.48718251	0.483753869	0	0.12704902	0	24.420988288	0.394693348	0	0.028764824	0	0	0	0	6.024668755	0.608867706	0.008845052	0	0	0	0	0.514254048	0	0	0	0	0	0	0	0	0	0	5.960828726	0	1.396834565	0	2.413437075	0	1.088046549	0.497005671	0	1.437378768	0	1.558148959	7.88719898	0	0	10.372816306	0.02226513	0	0.590420357	0	0	0	0.900228552	0	0	14.208560853	0.169181336	0	0	0	0	3.89446265	0.161188186	0	0	0	0	0	0	0	0	0	0	0	0	0	0	0	0	0	0	0	0	0.140858239	0	0	0	0	0	0	0	0	0	0	0	0	0	0	0	0	0	0	0	0	0	0	0	0	0
1109	0.05105675	0	47.430002107	0.037045487	0	0	0	0	0	13.169717688	0.015834719	0.123963525	0.174454376	1.353244907	0	0.552203064	0	5.142804326	0	0	0	0	0	0	9.34969399	0.671566033	1.049325201	0	0	0	0.003542114	0	0.599665302	0.057952346	0.03695117	0	0.164079543	0.175502338	0	0	0.39802677	0.032539246	0	0.730933128	0	0.201649011	0.005994347	1.781222455	0	0	0.899738984	0.111943392	1.398139635	0.200821121	0	0.86882408	0	0	2.352152615	0.666724444	0	0	0.068390056	0	0	0.697681267	0	0.07502366	2.560655304	1.213729613	0	0	0	0.321944667	0.974427296	1.534343367	0	0	0	0	0	0.092042577	0	0	0	0	0	0	0	0.632833326	1.861601205	0	0	0	0.001666261	0	0	0	0	0	0	0.00620394	0	0	0.02116885	0	0	0	0	0	0.130974397	0	0	0	0	0	0	0	0	0	0	0
1265	0	0	12.77772287	0	0	0	0	0	0	6.876750437	0.007963307	0	0	0.606070344	0	0.314702226	0	8.657166077	0	0	0	0	0	0	28.358873519	0	2.942452169	0	0	0	8.185006628	0	0.515512988	0	0	0	0	0.149251378	0	0	0	0	0	2.923220984	0	2.512403255	0	3.5749995	0	0	1.173708636	0	0	0.467551241	0	11.658342585	0	0	2.5154855	0	0.007569184	0	0	0	0	0	0	0	3.998287687	0.367696621	0	0	0	0	0.216585791	0	0	0	0	0	0	0.10169386	0	0	0	0	0	0	0	0.004598103	0	0	0.024597322	0	0.006063432	0	0	0	0	0	0	0.003051927	0	0	0	0	0.02280861	0	0	0	0.600421247	0	0	0	0	0	0	0	0	0	0	0.429442571
1033	0	0	0	0	0	0	0	0	0	0	0	0.068700029	0.060354077	1.87866428	0	0.521898774	0	28.159595484	0	0	0	0	0	0	0	12.010325582	0.98311966	0	0	0	0	0	1.068898075	0	0.012116776	0	0.372173031	0.207071517	0	0	0.947792992	0.497612995	0	0.54697841	0	1.295429552	0	13.316775133	0	0	0.347563442	0.251726014	2.345222815	1.091178319	0	0	0	0	0.111641464	0.48477548	0.311004205	0	0	0	0	0	0	0.155502102	20.691963987	2.481755896	0.036778592	0	0	1.120133234	1.501101373	1.149422406	0	0.071447194	0	0	0.002778502	0.714921099	0	0	0	0	0	0	0	0.315965816	0	0	0	0	0	0	0	0	0	0	0.924760673	0	0.011051335	0	0.082602984	0	0	0	0	0	0	0	0	0	0	0	0	0	0	0.029163825	0	3.820032874
1010	0	0	18.30633394	0	0	0	0	0	0.00269326	0	0	0	0	0.46907965	0	0.45134723	0	1.87617857	0	0	0	0	0	0	20.08341133	1.10299758	0.2814995	0	0	0	0	0	0.65424665	0	0	0	0.04950211	0	0	0	0.43375486	0	0	4.33164498	0	1.93191827	0	4.14619789	0	20.51009908	0	0.02590916	4.25397137	0.17868162	0.67778574	4.06260988	0	0	1.88573426	0.33763781	0	0	0	0	0.00294104	1.16814214	0	0	7.70559914	0.43462748	0.10088951	0	0	0	4.21032979	0.00769195	0	0	0	0	0	0.01093463	0	0	0	0	0	0	0	0.21677509	0	0	0.02775135	0	0	0	0.06108313	0	0	0	0	0	0	0	0	0	0	0	0	0	0	0	0	0	0	0	0	0	0	0	0	0
1128	0	0	20.34678314	0	0	0	0	0	0	2.35497483	0	0.29100079	0.65103445	5.59755353	0.00862911	1.89273048	0	27.8663011	0	0	0	0	0	0	0	0	0	0	0	0	0	0	0.03289977	0	0	0.0233542	0	0	0	0.01353061	0	0.03027397	0	0.45900071	0	0.94165424	0	10.15281763	0	0	0	1.65235106	0	1.52402651	0	7.28917837	0	0	0.25811131	0	0.07907272	0	0	0	0	0	0	0.79305437	0	4.34653848	0	0	0	0.01614612	0	8.79944774	0	0	0	0	0	1.85710193	0	0	0	0	0.01067827	0	0	1.50684037	0	0	0	0	0	0	0.07363576	0.03765711	0	0	0	0	0	0	0	0	0	0	0	0	1.09362132	0	0	0	0	0	0	0	0	0	0	0
